taker_buy_vol,taker_sell_vol,volume,volume_delta,anomaly_multiplier,oi_momentum,hour,is_killzone,is_dead_zone,premium_pricing,fvg_formed,future_return,mss_success
2393.6793898692367,430.5690827887823,2824.248472658019,1963.1103070804545,0.999999996459235,0.0,7,0,0,0,0,-0.00245800074490424,1
1494.4647302155877,1561.6635459400227,3056.1282761556104,-67.19881572443501,1.0394328106197817,0.0041395026630230945,18,0,0,0,0,-0.0017935296067078084,0
1382.2835843709536,1775.3774416053823,3157.6610259763356,-393.0938572344287,1.048123860790727,-0.004412654944305534,22,0,0,1,0,0.00035283768182855027,0
1382.3022943318006,404.2930029957159,1786.5952973275164,978.0092913360847,0.6601961577164357,-0.0009182158051783303,7,0,0,0,0,-0.001176884497184726,1
4649.714412230651,1298.501407150881,5948.215819381532,3351.2130050797696,1.7731680050681748,0.006414407363574717,18,0,0,0,0,0.002621926966335177,1
2866.706230964222,872.0089053487709,3738.715136312993,1994.697325615451,1.0936411636793337,0.004903436876012796,17,1,0,1,1,0.002155782253854217,1
1131.078001740899,1819.6186909841583,2950.6966927250573,-688.5406892432593,0.8803446962539111,-0.00631459868230322,9,1,0,0,0,0.003460583559701739,0
2469.814473431213,1957.3312694679935,4427.145742899207,512.4832039632197,1.2699146497804927,0.002234766182147909,6,1,0,1,0,0.0009452484193065245,0
1998.960264064647,872.1657290175727,2871.12599308222,1126.794535047074,0.8400418262805593,-0.009384212913941703,8,0,0,0,0,0.0035485226929496145,0
215.91494349058542,3477.456591512815,3693.3715350034004,-3261.5416480222298,1.0719747536280604,0.0007335951184508305,0,0,0,1,0,0.0022987242536904864,0
671.2422826877063,1694.3315599436924,2365.5738426313987,-1023.0892772559861,0.706726812053494,0.009875657990872458,18,0,0,1,0,0.003063801512129653,1
2106.1656373481633,909.1984565597282,3015.3640939078914,1196.9671807884351,0.9083597992741592,-0.004209070961503578,4,1,0,1,0,0.0020763525764395134,1
4365.176867483528,376.74215632034844,4741.919023803877,3988.43471116318,1.3828942662801293,-0.003658630276648723,18,0,0,1,0,-0.0005494666738162287,0
1391.8521849591461,2035.8580835441712,3427.7102685033174,-644.0058985850251,0.9996557070444988,0.004286417894232323,0,0,0,0,0,0.001599302488559717,1
1058.0274390543036,2413.4720206409897,3471.4994596952934,-1355.4445815866861,0.9989572843627343,-0.007209283546438329,14,0,1,0,0,0.0014190774848337388,1
1814.0075414721657,1117.5863548947573,2931.593896366923,696.4211865774084,0.8457591768252711,-0.00266913612218975,15,1,0,0,1,0.0010318355592431412,0
1005.2844807180976,1863.449105816811,2868.7335865349087,-858.1646250987134,0.8325812285049187,0.003477081509867126,22,0,0,1,0,0.0038926666561060587,1
1317.7413811391884,4734.675368367003,6052.416749506192,-3416.9339872278147,1.6138523196118748,-0.0026746327219367943,6,1,0,1,0,0.001625052448932883,0
1649.3024789402646,3113.282704344734,4762.5851832849985,-1463.9802254044696,1.2992635362027691,-0.0006811288087295832,11,1,0,0,0,0.001703820177806103,0
640.1373048438835,146.2788739590061,786.4161788028896,493.8584308848774,0.22763494634022552,0.004211060561772912,7,0,0,1,0,0.0026473255841943403,0
2970.060094213139,899.9672633254082,3870.027357538547,2070.092830887731,1.0993172766280426,0.002594882942920251,4,1,0,0,0,0.0028011033945936643,1
535.1814462790401,1502.892572692588,2038.074018971628,-967.7111264135478,0.6084268594938272,0.0018217312206325082,9,1,0,1,0,-0.0048610497025036534,1
472.7934438346734,1767.863780177377,2240.6572240120504,-1295.0703363427037,0.6780192816013993,-0.0011889656003050155,20,1,0,1,0,-0.0009677937895106837,1
1933.9504178881348,1894.0180061149968,3827.9684240031315,39.93241177313803,1.1549770449674903,0.0023317914626679423,4,1,0,0,1,0.003569279305349766,1
2813.3538079790505,2304.789740424996,5118.143548404047,508.5640675540544,1.457771663113481,-0.00011774251235792685,16,1,0,0,0,9.687101669391611e-05,0
1897.8355743570705,1542.6023177534883,3440.437892110559,355.2332566035823,0.9715186725707396,0.0027597465004494115,4,1,0,0,0,0.0007021902903986525,1
1521.7791770846009,1691.1200534852012,3212.899230569802,-169.34087640060034,0.9361367872273396,-0.001967687694985396,21,1,0,1,1,-0.001238206278779103,0
1307.3814349834743,3224.825390737832,4532.206825721307,-1917.4439557543578,1.2908681861599225,-0.000409481908982063,14,0,1,1,0,0.002609123212526359,0
1139.9098306866504,2065.5015457008362,3205.4113763874866,-925.5917150141859,0.9179379906007424,-0.00443310745640968,12,0,1,0,0,0.002900189057328938,0
3437.7993005194494,583.2372128528744,4021.036513372324,2854.562087666575,1.126408050438733,0.00032363894649289497,0,0,0,0,0,0.0007859513039905617,0
2121.043939389922,1810.7817517950236,3931.8256911849458,310.26218759489825,1.0784765865288137,-0.003553110882603049,10,1,0,0,1,0.0015282036811044308,0
1217.318813658654,1506.1718243873063,2723.4906380459606,-288.8530107286522,0.7991600446461253,-0.0050933424625549265,22,0,0,1,0,-0.0007062545562462959,1
936.6065293115572,226.4714823390741,1163.0780116506312,710.1350469724831,0.36913340686451185,0.0017982401666979393,0,0,0,1,0,0.00195409020841351,0
2587.6189567078736,1881.6755964074562,4469.29455311533,705.9433603004175,1.309147629840252,0.0015655467449707705,10,1,0,0,0,0.002681485464475119,1
3383.4416734022175,660.8453065312252,4044.2869799334426,2722.5963668709924,1.180350658251984,0.0044001384677055935,17,1,0,1,1,0.004165059984914012,1
3181.2097818028888,3257.6524825630054,6438.862264365895,-76.44270076011662,1.7213053543252417,-0.001653018709358071,17,1,0,1,1,0.002346920899360958,1
801.047048211347,2281.240491043154,3082.287539254501,-1480.1934428318073,0.8109571203511414,0.0025298446324784267,20,1,0,0,0,0.005941672811712174,0
1298.4978012876243,551.8213661128027,1850.319167400427,746.6764351748216,0.5056150313087934,0.0032301728934758006,15,1,0,0,0,-0.0011768942811252734,1
1121.4349675200986,3157.182439195812,4278.617406715911,-2035.7474716757135,1.1886450615947313,0.00269664231058578,12,0,1,1,0,-0.004439080444710885,0
1438.2881157859886,4188.109282562676,5626.397398348664,-2749.8211667766873,1.498089444637217,-0.0036049506520812583,6,1,0,1,1,-0.0006630015401540497,0
2951.088523363256,1364.2505786647494,4315.339102028005,1586.8379446985068,1.1254095774028399,0.0012372717626159292,0,0,0,0,0,-0.0012171479813684418,0
4102.26245720721,1499.218266638582,5601.480723845792,2603.044190568628,1.4322969101888081,0.002297642842298478,15,1,0,0,1,-0.0002511055345388634,1
2178.4871403084985,2947.8444050273065,5126.331545335805,-769.357264718808,1.2663717786185256,0.0005302863213321779,0,0,0,0,0,-0.0011209361621368123,0
964.8446230922171,3981.3264609570097,4946.171084049227,-3016.4818378647924,1.2022406502009082,-0.00992604273160099,16,1,0,1,1,-0.002150378079594743,0
1620.8419648889042,309.8691388422861,1930.7111037311902,1310.9728260466181,0.4861794166980862,0.0012999240156588202,5,1,0,0,0,-0.0007675703741787249,0
4612.539535073584,617.7192851332917,5230.258820206876,3994.820249940293,1.2602288044472267,0.011408589189881654,1,0,0,0,1,0.004294076830308196,1
1781.5886015538529,1190.574765119684,2972.163366673537,591.013836434169,0.6945173780618484,-0.0012845198186160023,16,1,0,1,1,-2.2353825891739242e-05,0
1309.6847025755771,1299.7859776619302,2609.4706802375076,9.898724913646902,0.6293004667915871,-0.003112177319436987,5,1,0,1,0,0.0002752206795034502,0
1398.8526118012785,2889.42414425247,4288.276756053749,-1490.5715324511914,1.0298333845896654,0.002339995368527663,13,0,1,0,0,0.001043179782776274,0
2171.513364048012,3995.1115550537365,6166.624919101749,-1823.5981910057244,1.487868462948867,0.0020344414741723517,17,1,0,0,0,-0.0009565756821168477,1
825.6317345052627,4195.793935802987,5021.42567030825,-3370.1622012977246,1.1723774688110438,0.006337209739741706,5,1,0,1,0,-0.001041795429247263,0
1099.1971181233625,301.1435589661895,1400.3406770895522,798.053559157173,0.3294165767959715,-0.005708470170597122,9,1,0,0,0,0.001459963328560389,0
3149.7723935742506,827.7540419812744,3977.526435555525,2322.018351592976,0.9404323879687593,0.004082102147198927,23,0,0,0,0,-0.0017816940374751952,0
2128.127615323064,1012.8370226423025,3140.964637965367,1115.2905926807616,0.775176521377876,0.0033785399436328327,17,1,0,1,1,-0.0034369892001829077,0
1795.16084047888,824.734961205319,2619.895801684199,970.4258792735609,0.6664991203136162,-0.00020628415589386432,8,0,0,0,0,0.0018439467175458421,0
3256.013564679034,2276.2574573023303,5532.271021981364,979.7561073767038,1.4091769697839986,0.0021425332354769585,7,0,0,1,0,0.0028830835846061476,1
914.6857837815253,2476.0690971288873,3390.754880910413,-1561.383313347362,0.8918536976280519,0.00548596824764887,9,1,0,1,0,0.004239602310659192,1
1278.4349172309803,1674.9715374567472,2953.4064546877275,-396.5366202257669,0.807034715812613,0.00470050309582904,16,1,0,0,1,0.0009249561574333496,0
2078.930304781394,1555.1734542109525,3634.1037589923467,523.7568505704417,0.9610855817265386,-0.005067863679280302,22,0,0,0,1,0.002862443441527949,0
2026.914590597363,1233.1672331925079,3260.081823789871,793.7473574048552,0.8954984714150744,0.004451001175207526,5,1,0,1,1,0.0009014268629455545,0
425.84557429841306,1354.390258903917,1780.23583320233,-928.5446846055038,0.5007154524870812,0.00017077956937655656,13,0,1,1,0,0.00013018210086742087,0
1180.4614136051148,4699.613581538719,5880.074995143834,-3519.152167933604,1.5518809158550997,0.0008353875736485462,21,1,0,1,0,0.0031268185153873656,1
1466.9983703616062,2738.0584454933914,4205.056815854998,-1271.0600751317852,1.1115506654943534,0.0008362480084797951,21,1,0,1,0,-0.0037719650083228107,0
2244.605542031768,1271.7855063610682,3516.391048392836,972.8200356706998,0.9784734475059291,-0.00024264736964663144,5,1,0,0,0,0.00229211598048464,1
2021.7636415175994,1531.9426675849525,3553.706309102552,489.8209739326469,1.0185706051738659,0.006199597153666348,6,1,0,1,0,0.0055346545522949216,1
1572.3929640013089,2314.0582226181223,3886.451186619431,-741.6652586168134,1.059991042439265,7.814013805137696e-05,11,1,0,0,1,0.0012532268515495432,0
214.10508190600063,551.6433333484493,765.74841525445,-337.5382514424487,0.2227902892208511,-0.0049170252293785875,2,0,0,0,0,0.0033551670899653226,0
1632.6711944514605,1858.1001097159383,3490.7713041673987,-225.42891526447784,1.0082908433193354,-0.0014176305754405056,13,0,1,0,0,-0.0013711387566911236,0
1745.6390277852233,2633.542258695248,4379.1812864804715,-887.9032309100248,1.2205990848687889,0.0013441736142315653,21,1,0,0,0,0.0007125524810863493,0
7297.997788782871,2400.4734627986268,9698.471251581497,4897.524325984245,2.496185432638721,0.006370102839822449,18,0,0,1,0,0.005011997000408018,1
1430.459772630633,842.4839923186884,2272.9437649493216,587.9757803119447,0.5972828247790987,0.003358181782422982,22,0,0,0,0,-0.0035439114437824707,0
2087.0595224639974,986.7743609250834,3073.8338833890807,1100.285161538914,0.8059185461211296,-0.003597668478938858,15,1,0,0,1,-0.0009802945288098137,0
3620.2127588809653,194.82023864670805,3815.0329975276736,3425.392520234257,0.9968733594142913,0.012240348010169638,6,1,0,0,1,0.0005158194607634476,1
2838.072696472361,2830.6734244971863,5668.746120969547,7.399271975174543,1.417524575614493,0.0017241589847415183,7,0,0,1,1,0.0030653563676671354,0
4212.804580611479,6034.206097879107,10247.010678490586,-1821.4015172676282,2.2257647314655555,0.006458977507597809,17,1,0,1,1,0.003059370184199851,1
432.91221940768645,739.2074746824167,1172.1196940901032,-306.2952552747302,0.27465977117404844,-0.00024291533541521921,12,0,1,0,1,0.0004949252577757015,0
687.0618941603256,3530.3215870895037,4217.383481249829,-2843.259692929178,0.9880446916445571,0.0029662185602699087,20,1,0,0,0,0.0012146206388913797,0
1037.267044442227,5688.724444306831,6725.991488749058,-4651.457399864605,1.4954387953461257,0.004380549894649547,8,0,0,0,0,-0.001158588730029725,1
359.3171948522547,1135.2344412217662,1494.551636074021,-775.9172463695115,0.34352862309595084,0.006108924563133351,9,1,0,1,1,0.0023594333389902813,1
1756.7572936081474,1533.5954951409924,3290.35278874914,223.161798467155,0.7637755824683469,0.005334990161524239,20,1,0,1,0,0.0008929333669660679,0
739.177710570517,2016.1731135672078,2755.350824137725,-1276.9954029966907,0.6191626543315696,0.004461433290066622,22,0,0,1,0,9.639304768673715e-05,0
4575.20874668209,2346.3031671877475,6921.511913869837,2228.905579494343,1.474174775074408,-0.000988012918252958,8,0,0,1,0,0.0020574422982967567,0
846.2008804452892,2096.8285589926477,2943.029439437937,-1250.6276785473585,0.6408205893859968,-0.002171697855175716,14,0,1,0,0,0.0007435871159991765,0
1284.5032178696397,1210.4566126143336,2494.9598304839733,74.04660525530608,0.6118008960325751,0.001987564105984814,19,0,0,1,1,-0.00019357343456559819,0
2952.962159704253,2604.785869671771,5557.748029376024,348.17629003248203,1.2886971797496536,0.004724161261369444,1,0,0,1,0,0.003415648079162031,1
529.1380569674935,1233.590455808162,1762.7285127756554,-704.4523988406685,0.4178035237495422,-0.0005614772397276391,12,0,1,0,0,-0.002616524480852348,1
333.5831649099911,2202.4411988291586,2536.0243637391495,-1868.8580339191674,0.6143947323956233,0.005302678599902287,1,0,0,0,0,-0.0025178667940203483,0
1916.5717437776125,1629.1732551804214,3545.7449989580336,287.3984885971911,0.8917788359105084,0.007016356362140575,18,0,0,1,0,0.0024103315904621123,0
2025.1904857497532,265.66801361472983,2290.858499364483,1759.5224721350232,0.672251612116002,-0.00370265605984265,1,0,0,1,0,0.0013749244190174883,0
2893.4546398238303,3884.2668804284685,6777.721520252298,-990.8122406046382,1.7797984953917372,-0.0033537236334838442,2,0,0,0,0,0.00037660954278316127,0
2435.377220027748,1009.878721927153,3445.255941954901,1425.498498100595,0.9180034889065769,-0.00018378052575718562,5,1,0,1,0,0.003410868202907794,1
2080.2236705702894,4145.240160614106,6225.4638311843955,-2065.0164900438162,1.6747562000619913,0.0018519487193571352,2,0,0,1,0,-0.0005722748731320857,1
933.8814169542263,3435.5710122062296,4369.452429160456,-2501.6895952520035,1.1139214038081755,-0.0019327073001538149,9,1,0,0,1,-0.0005373259024185658,1
1984.8449116369443,1971.7979061100787,3956.642817747023,13.047005526865632,0.9965907674621859,0.006567279974944833,23,0,0,0,0,0.0038015701703679374,0
2074.3742601607023,2434.0157384901745,4508.389998650877,-359.6414783294722,1.1008437087012026,0.0023643781886533797,5,1,0,0,0,0.003999307661157767,0
904.0842928085176,2646.1100777825545,3550.194370591072,-1742.025784974037,0.9210311211379199,0.0006287332527169667,22,0,0,1,0,0.003194814649191556,1
5422.0755197784265,1424.6642102742242,6846.739730052651,3997.411309504202,1.6564332693295125,-0.006059795163655914,15,1,0,0,1,0.003090887370213791,0
2356.2735707681095,1478.9022547340508,3835.1758255021605,877.3713160340587,0.906842549719443,-0.005545624600251153,16,1,0,0,1,0.0038069340177054123,0
698.4617454703965,2556.380899552142,3254.842645022539,-1857.9191540817455,0.8007663359947825,0.0017348586853490687,18,0,0,1,1,-0.002026098896583447,0
2903.2779052022615,1642.6302506095235,4545.908155811785,1260.647654592738,1.0662490182662578,-0.009341523523738912,2,0,0,1,0,-0.00011723290388149514,0
3245.3951404038994,1213.7245619575822,4459.119702361481,2031.6705784463172,1.0132469601607037,0.005087509884336537,17,1,0,0,1,-0.0026718294558648603,0
2258.378348761416,854.7544230941811,3113.132771855597,1403.6239256672347,0.7124001896146306,-0.0002659778893340578,6,1,0,0,0,0.004759948556245308,0
1369.5198381389303,2249.3343487023203,3618.8541868412503,-879.8145105633901,0.8105339318488785,0.015060012400215735,8,0,0,0,0,-0.0013573330215849732,1
870.6853460462098,981.4410509267267,1852.1263969729366,-110.75570488051687,0.45031581491361955,0.010730815649972414,19,0,0,1,0,0.00014187280297924118,1
1569.097196352098,3046.3197940093264,4615.416990361425,-1477.2225976572283,1.0998167172991324,-0.00036310744115956487,11,1,0,1,0,-0.0014594432653860499,0
2147.025945722302,3224.8021603254383,5371.82810604774,-1077.7762146031364,1.2989364356401307,-2.825173820452071e-05,4,1,0,0,1,0.0021503788249988436,0
1683.508449691649,2420.6843937169033,4104.192843408552,-737.1759440252542,0.9969832181776219,0.004860600301697998,2,0,0,1,1,-0.00012287207526968556,0
4335.527216987615,2788.9529304683238,7124.480147455939,1546.5742865192915,1.640494450126213,0.007936372486599516,10,1,0,1,1,-0.00019585218748004,1
2611.9128358470557,2425.80889310553,5037.721728952585,186.10394274152577,1.149982233787419,-0.0068155229468612605,3,1,0,1,1,0.002126359333530303,1
786.9200543779319,2928.2539402866473,3715.1739946645794,-2141.3338859087153,0.845803372012203,-0.007529160297750693,4,1,0,1,1,-0.003092323620562612,0
631.1876548292238,2842.416406647692,3473.604061476916,-2211.228751818468,0.8367022848969953,-0.0023361737084758396,0,0,0,0,0,-0.0019437235416432214,0
2370.3511150172917,2162.801661863562,4533.152776880854,207.5494531537297,1.0789632675052343,0.003046032892322922,17,1,0,0,0,-0.0030310402351700627,1
1394.5025259693507,3465.1249720480023,4859.627498017353,-2070.6224460786516,1.125949998526575,0.0026558783207733874,11,1,0,1,0,-0.0027572774489079644,1
2768.8121461893597,1464.8873360453758,4233.699482234735,1303.924810143984,0.9860204909611894,0.0051781205664290526,12,0,1,1,1,0.0010090207445129476,1
2355.3056285864923,878.10349907872,3233.4091276652125,1477.2021295077723,0.7687294896336156,-0.004891743377022101,8,0,0,1,0,-0.0024217415218183475,0
1574.4018794262604,838.6916622381423,2413.0935416644024,735.7102171881181,0.5806051001892373,-0.009956137343077185,1,0,0,0,0,-0.002013831240460135,0
795.0606810600568,1299.8655585489769,2094.9262396090335,-504.80487748892006,0.517608500208991,0.00428548237086602,4,1,0,1,0,0.0002604682291989148,0
376.19972468652196,222.48049527967805,598.6802199662,153.7192294068439,0.15126643751068547,-0.0032680840482401064,12,0,1,1,0,-0.0010103541774826833,0
1958.6207416977898,1957.4707791391133,3916.0915208369033,1.1499625586764068,1.002112969036128,-0.00868478944027399,15,1,0,0,0,0.004986761222234085,0
520.2515336190322,2670.8371061407083,3191.0886397597405,-2150.585572521676,0.8504881173591993,0.0011081480217693342,15,1,0,0,0,0.003442988423147112,0
766.2041294056971,3193.7212175703244,3959.9253469760215,-2427.5170881646272,1.058304846267143,0.004022583723809357,23,0,0,1,0,-0.001891298623317478,0
1873.1062799866481,333.54931602731057,2206.6555960139585,1539.5569639593375,0.6508369188117553,-9.934828799898151e-05,2,0,0,1,0,0.002534890637598388,0
1742.9488755192922,863.1799545865093,2606.1288301058016,879.7689209327829,0.8101608836965799,-0.0016143993177812194,21,1,0,0,0,0.0027486104579218743,1
583.721956473482,2983.2296664527435,3566.9516229262254,-2399.5077099792616,1.1125110650964745,-0.0002678788637193197,3,1,0,1,0,-0.001282200505941963,1
3492.3265635235534,1428.7521498198598,4921.078713343413,2063.5744137036936,1.4869069087725426,-0.0012225284213658897,10,1,0,0,0,-0.00047238895737201827,1
3430.858430448409,2628.933388355442,6059.791818803851,801.925042092967,1.7725668607920366,-0.005670817432843199,22,0,0,0,0,0.0021489324832224053,0
2423.9142083758643,524.1108079140769,2948.025016289941,1899.8034004617875,0.8982101881316932,-0.002800779441349047,13,0,1,1,0,0.000604210350602672,0
2421.844454097981,4112.67018418674,6534.514638284721,-1690.825730088759,1.8960107865880758,0.002822857600865584,2,0,0,1,0,0.00017906892760245785,1
2423.9347891307316,483.6695221055117,2907.604311236243,1940.2652670252198,0.8493862768594788,0.0019122817324950005,15,1,0,1,0,0.002704152646701059,0
3226.5599468570636,1915.4605721140583,5142.020518971121,1311.0993747430052,1.4211912539075457,0.0012141558948107417,21,1,0,1,1,0.0005752817272678507,1
2656.9753608282485,1952.2525607714012,4609.22792159965,704.7228000568473,1.2136896633599084,-0.004071010867926386,14,0,1,0,0,-0.0019516336951298627,0
854.7978107475362,1109.1266646372153,1963.9244753847515,-254.32885388967907,0.5041888027099567,-0.0003708024958066336,9,1,0,1,0,0.0005951903164647809,0
1379.2484807043202,2360.381881018005,3739.6303617223252,-981.1334003136849,0.9631738543703806,-0.009539854609800138,8,0,0,0,0,0.00124454733935129,0
6796.532198224488,2408.097617225878,9204.629815450366,4388.43458099861,2.1345798322971743,0.0012773953937003778,10,1,0,0,0,0.001975507234996374,1
231.4843190712702,2226.3372108582284,2457.821529929499,-1994.8528917869583,0.584519574559657,0.006964156624468311,15,1,0,0,1,0.0014432743506483403,1
1128.6297094694573,1092.1630015980995,2220.792711067557,36.46670787135781,0.5280225323745059,-0.006298786774353018,9,1,0,0,1,-0.0029947063892419713,0
3504.812556028296,921.0523499214437,4425.86490594974,2583.7602061068524,1.0207609750053626,-0.0022323818094336263,16,1,0,0,1,0.0011564141606275017,0
903.2668262358367,1192.1557874146924,2095.422613650529,-288.88896117885577,0.49528521852173674,0.001967464554796607,18,0,0,0,0,-0.0001651763344629091,1
2706.979288349223,814.4267563383559,3521.406044687579,1892.5525320108673,0.8524832724419237,0.0061645771936964374,1,0,0,0,0,0.000526312113143498,1
1726.1946383968552,3573.231312264098,5299.425950660953,-1847.0366738672428,1.3000097961250523,-0.0015892973434739979,23,0,0,0,0,-0.0007536294879109542,0
959.0449170296422,1278.1833411568048,2237.228258186447,-319.1384241271626,0.5557392759854363,-0.0027103570124516313,22,0,0,1,0,0.004138319028538083,0
181.0112171211586,1875.1522556234843,2056.163472744643,-1694.1410385023257,0.5548504878560778,-0.008626667876751322,1,0,0,0,0,-0.001993988209472882,0
1919.152519935468,2974.90794182475,4894.0604617602185,-1055.7554218892822,1.2719486679640846,0.0009381588107641766,5,1,0,0,1,0.005626514401963271,1
838.6093214828443,779.1393360525202,1617.7486575353646,59.46998543032407,0.4498803200626512,0.009781599649175276,18,0,0,1,0,0.0013538688722399168,1
1522.8873752748075,463.00485926043217,1985.8922345352396,1059.8825160143754,0.5826170265246221,0.0017202096214124813,7,0,0,1,0,0.0012966685591557939,0
2407.300969925776,816.9619735084339,3224.26294343421,1590.338996417342,0.9215875573512357,0.00035417013258339566,2,0,0,1,0,0.0026692377623352384,0
3052.812298347078,2029.1306517399405,5081.942950087018,1023.6816466071375,1.4138202849073362,0.0019197119476687214,13,0,1,0,0,0.005571696321807474,0
1125.6323557740238,1929.2906609786369,3054.9230167526607,-803.658305204613,0.9682150848154796,0.00040420730440701204,15,1,0,1,1,-0.001420800075649723,0
957.5016153241677,2223.283434703009,3180.7850500271766,-1265.7818193788412,0.9918716730721676,-0.003252158643158361,0,0,0,0,1,-0.0018818550744900315,0
511.30607792829676,1536.9279814990198,2048.2340594273164,-1025.6219035707231,0.6411699913658739,0.004193549389067313,20,1,0,0,0,-0.0013813733535633296,1
3154.6290723964166,84.62726372752064,3239.256336123937,3070.001808668896,1.0416392226095892,0.0014774270558062582,2,0,0,0,0,0.0026409264208731593,1
6181.725975508609,1499.2538510304798,7680.979826539089,4682.4721244781285,2.1891014262059603,0.0005331273012336603,21,1,0,1,1,0.001078795238819878,1
3386.4763831996675,3249.466077867891,6635.942461067558,137.01030533177664,1.7784993140103507,-0.003983740421058715,17,1,0,0,0,0.0018916829453134551,0
3895.6010526427003,3826.03252887947,7721.63358152217,69.56852376323013,1.9777669629919026,0.006346745375379594,8,0,0,0,0,0.005399645491700862,1
909.8340955223158,1783.763172737568,2693.597268259884,-873.9290772152523,0.6842070707728354,0.003446114000268515,5,1,0,0,0,0.0005500573134147645,1
2307.8016650556733,1934.5983715519726,4242.400036607646,373.2032935037007,1.036507520453519,-0.0020452510606304,22,0,0,1,0,0.0006377382492548157,0
2880.0694989607773,2594.713553757843,5474.78305271862,285.35594520293444,1.3241846758889655,0.004950868763424085,20,1,0,1,1,0.00023054175112317788,1
663.1385974313213,3754.044537741217,4417.183135172539,-3090.905940309896,1.0190954700231523,-0.0017896161786578534,0,0,0,0,1,0.0012706659089713333,0
4787.152146265962,1667.3483515374348,6454.500497803397,3119.8037947285275,1.3869903053295947,-0.0030794083952800483,20,1,0,1,0,0.0012952266562177635,1
418.21343360098336,2569.5386654150825,2987.752099016066,-2151.325231814099,0.6443692441845502,-0.0029876161470597925,9,1,0,1,0,0.0032614984694759965,0
4305.657015895785,1052.169840446896,5357.826856342681,3253.4871754488886,1.1506336721457378,-0.007625523927096323,5,1,0,1,1,0.006644096755298897,1
415.28212769692084,535.2608902338701,950.5430179307909,-119.97876253694926,0.2109457747221969,0.0026013132491756277,22,0,0,0,0,0.0006644579907772974,0
693.537659944775,1147.3322387348485,1840.8698986796235,-453.7945787900735,0.4173936179186369,-0.007941691970715533,11,1,0,1,0,0.00016746615237030993,0
2337.250493136338,4332.923396145976,6670.173889282314,-1995.672903009638,1.4070518841659598,-0.005203716831240503,3,1,0,0,0,0.00247053504914426,0
1758.4146382719462,2605.890496221975,4364.305134493921,-847.4758579500287,0.9052899229571385,-0.009194005359380203,12,0,1,1,0,0.0017658590754796358,0
1217.076633177011,586.379772804179,1803.45640598119,630.696860372832,0.4097768889358079,6.482475905818217e-05,16,1,0,0,1,-0.0008868581429966071,1
4667.14380538984,2690.7486087759457,7357.892414165786,1976.3951966138943,1.6524797511416598,-0.00023422137765650745,7,0,0,0,0,0.0015875670831752033,0
524.9726881020579,630.5359423574756,1155.5086304595334,-105.56325425541775,0.29006438868749973,-0.0010562937065110454,19,0,0,0,0,-0.0024074121078068,0
1478.2922005596597,2201.3673270084937,3679.6595275681534,-723.075126448834,0.9076477832566907,-0.004411326332987281,2,0,0,1,0,0.001364240096700388,0
2547.3950904989047,752.2979953097434,3299.693085808648,1795.0970951891613,0.8276701344418951,-0.0050434338990400914,11,1,0,0,1,0.003058474448950257,1
2056.380910205032,554.4359101056639,2610.8168203106957,1501.945000099368,0.6902985865639256,0.0026475813851164144,6,1,0,1,0,-0.0012585801891089364,1
985.0895712019594,4813.970767050174,5799.060338252133,-3828.8811958482147,1.4942714595077327,-0.002118113714244368,11,1,0,0,1,-0.001330566948048693,1
1015.7105839654367,1277.4006457927744,2293.1112297582113,-261.6900618273377,0.6398869607323412,0.001953540519415494,1,0,0,1,0,-0.0021854659053440256,0
3021.699922258773,2572.9527086149114,5594.652630873685,448.7472136438614,1.4840610661439668,-0.003697987563547643,23,0,0,1,0,-8.91649475217777e-05,0
3118.6913188657704,1720.0531868423595,4838.7445057081295,1398.638132023411,1.2962951302501107,0.0013218648354620002,13,0,1,1,1,0.0018013531864643044,0
2095.6988328288567,678.7640129655512,2774.4628457944077,1416.9348198633056,0.71820914856977,0.006556479072706392,21,1,0,1,1,-4.028757485513611e-05,0
809.1719371655231,1388.6220315996072,2197.7939687651306,-579.4500944340841,0.5652000984750885,0.003195699410654882,22,0,0,1,0,-0.00032617686080655095,0
1043.033891911689,684.3388568611027,1727.3727487727915,358.69503505058617,0.4885841143678996,-0.0014571338712173819,4,1,0,0,0,-0.002586691824001438,0
1639.8281884635278,7124.457925683398,8764.286114146926,-5484.62973721987,2.2765853001677865,0.0016632459601313872,8,0,0,1,0,-9.174914899281957e-05,1
1822.7705739182225,2898.644573115005,4721.415147033227,-1075.8739991967827,1.163432693941436,-0.0006554165730379048,20,1,0,0,0,0.0005369490546537468,1
2477.4361184780887,1695.8385736519942,4173.274692130083,781.5975448260945,1.0894276796885156,0.0005024053599788123,10,1,0,1,1,2.230795203523846e-05,1
1419.0272226431796,2477.472664105303,3896.499886748483,-1058.4454414621234,0.9677165508206917,-0.0010517911220061366,4,1,0,1,1,6.046523472468169e-05,1
2975.512232502221,2771.3133884533177,5746.825620955538,204.19884404890354,1.3767676038775152,-0.000300018545867192,2,0,0,0,0,0.0018394567869088557,1
2952.947828674513,2776.397978355053,5729.345807029566,176.5498503194599,1.3177907284236094,0.0014532900860875209,16,1,0,0,0,-0.0002236706442353487,0
3983.9536830785246,2694.9804042738338,6678.934087352358,1288.9732788046908,1.4399623376163704,-0.004177381099226342,1,0,0,0,0,-0.000868076110984843,1
1693.9298292369576,2553.3900057693872,4247.319835006345,-859.4601765324296,0.9381301410297432,-0.0043011064066495975,23,0,0,1,0,0.004119548918137159,0
2121.168842026639,1801.6511296308067,3922.819971657446,319.5177123958324,0.8447364025457605,-0.006088031852578324,0,0,0,1,0,-0.00026205015067686855,0
1504.2352066140982,4572.89512378822,6077.130330402319,-3068.659917174122,1.2990034725570512,-0.007138998789973967,6,1,0,1,1,-0.00042884669240378836,0
817.7946825169989,1888.5490236203748,2706.343706137374,-1070.7543411033757,0.5979565145343363,-0.0053449758423839006,13,0,1,1,0,0.0014863022994889394,0
6090.09621983513,1733.2293738482995,7823.325593683429,4356.86684598683,1.6009685056110285,0.0012397055740702909,4,1,0,1,1,0.010837512303745411,1
3653.41672800904,1900.6149947730967,5554.031722782137,1752.8017332359434,1.0834277325655999,-0.0038023224414859232,18,0,0,0,0,-0.0005291443005941599,0
2911.8429284518834,2001.8631275712592,4913.706056023142,909.9798008806242,0.9177726281951635,0.0029343470991780554,10,1,0,0,0,0.0022724169560884955,0
1650.9060926921902,336.49789745253145,1987.4039901447218,1314.4081952396587,0.4081008855716322,0.0006437957877814988,22,0,0,1,0,-0.0003497995873967513,1
755.9481042109605,809.569135471724,1565.5172396826847,-53.621031260763516,0.3370717604216483,-0.009010020308711529,1,0,0,1,0,-0.0007673193643621553,0
3269.0939095532026,1536.8876108262784,4805.981520379481,1732.2062987269242,1.0248046786362313,0.0036273244577291774,7,0,0,1,0,0.00045048378598611344,1
1483.933790702838,318.05805675676055,1801.9918474595986,1165.8757339460774,0.39691027328743,0.004356919674520587,8,0,0,0,1,-0.001271461795340701,0
2258.6163177223148,1693.7766836429917,3952.393001365306,564.8396340793231,0.8958534253505823,-0.004294266203508916,2,0,0,0,0,0.001095690518820921,0
1039.690452056473,1982.5934816710715,3022.2839337275445,-942.9030296145984,0.716433464538792,0.0024928575467327756,1,0,0,0,1,-0.0027040234243649788,0
2003.3417516449865,511.7285278315855,2515.070279476572,1491.613223813401,0.641420515380546,-0.0036384750123278306,6,1,0,0,0,0.0032808422603109876,0
1094.132062620245,990.8636431403173,2084.9957057605625,103.26841947992773,0.5535422340270182,0.0009498179428490938,4,1,0,0,1,0.0007151823158337313,0
1129.5195197667026,3929.1954233776114,5058.714943144314,-2799.675903610909,1.3147107577425645,-0.005626969879261613,20,1,0,1,0,0.0007597427517399898,0
1984.5493782501767,2495.291980245979,4479.841358496156,-510.7426019958025,1.1998442323019056,-0.008248740566381594,4,1,0,0,1,1.2095707411558638e-05,0
409.0654750939086,2396.1577848349802,2805.223259928889,-1987.0923097410716,0.7499095901931216,-0.0013797741285334938,19,0,0,1,0,-0.000978044433100911,0
429.96907860812064,3614.426363644283,4044.3954422524034,-3184.4572850361624,1.1652547753281175,-0.00011577930215075064,12,0,1,0,0,-0.001017100832183425,0
900.5744379029214,823.7225625930691,1724.2970004959907,76.85187530985229,0.5393024751016631,-0.001454564335275,20,1,0,1,1,-0.0017503728520550615,0
1406.015154551059,513.2499937745655,1919.2651483256245,892.7651607764934,0.6433181926893317,-0.005325149401589288,19,0,0,0,0,0.0003737199042509067,0
3037.192912886287,3293.8656381120063,6331.058550998294,-256.6727252257192,1.9222043168867442,-0.0014753860039725991,5,1,0,0,1,7.464092651697659e-05,1
1468.5963163350034,1570.5246000843351,3039.1209164193388,-101.92828374933174,0.8941477553635,0.0018134909149778715,19,0,0,0,0,-0.0009379540076931946,0
1642.8803742395085,804.2790208328299,2447.159395072338,838.6013534066785,0.7575371415540005,0.00027053986512814114,17,1,0,1,1,-0.003042838662993943,0
1321.094543381419,333.5046339721402,1654.5991773535593,987.5899094092788,0.513868706595585,0.0013849779815373142,1,0,0,1,0,0.003686316840260224,0
2118.9745297386517,1916.722972394551,4035.6975021332028,202.25155734410055,1.2510542464941745,-0.002802857482494005,5,1,0,0,0,-2.0897481141312962e-05,1
810.5795587267246,1433.1687081622342,2243.748266888959,-622.5891494355096,0.7077561977478152,0.006213300588383016,8,0,0,0,0,0.002723213733357161,1
1530.163934001083,1246.485476336933,2776.649410338016,283.67845766414985,0.8707200202428406,-0.0052857097577360965,2,0,0,1,0,0.0031501438918635,0
2240.924792572578,131.4970494164421,2372.4218419890203,2109.427743156136,0.7392006498657,0.0028775443305323186,0,0,0,0,0,-0.0007780848915892192,0
1973.0308082326035,4533.571741171675,6506.602549404279,-2560.5409329390714,1.964042230415146,0.006238824039908146,0,0,0,0,0,-0.0014930507074000813,1
1682.9762996425827,421.39769096545814,2104.373990608041,1261.5786086771245,0.6695033573305307,0.0028192456680518553,18,0,0,1,0,0.006421298580380461,0
1698.5098375463162,1345.5772085240326,3044.087046070349,352.93262902228366,0.9632429938493634,-0.0004978151890533977,4,1,0,1,1,0.004641561192214792,0
2395.7903268117725,1171.6624722699933,3567.452799081766,1224.1278545417792,1.1411536378308234,-0.0020839669779063996,12,0,1,0,0,0.0005490269006146813,0
6278.199196878948,2547.799487110837,8825.998683989785,3730.399709768111,2.4290990351613306,0.005497477763119623,18,0,0,0,1,0.004809045102880084,1
859.3368333521688,337.73440784388396,1197.0712411960528,521.6024255082848,0.3342037949872279,-0.006443064314080476,11,1,0,1,0,-0.0006666877981530071,0
6393.352326785056,2337.3624086758846,8730.71473546094,4055.9899181091714,2.3261658262412737,-0.004255655039219974,15,1,0,0,1,0.005218866213696539,1
825.789611329286,1923.7682840043722,2749.557895333658,-1097.9786726750863,0.7366371579937407,-0.001457434087719452,18,0,0,0,0,-0.0012467159797887452,0
153.51349527898105,949.8023763402358,1103.315871619217,-796.2888810612548,0.30339279284672316,0.006509163996346841,2,0,0,1,0,-0.004159459176280674,1
1075.8900094531584,2279.1607885406347,3355.050797993793,-1203.2707790874763,0.8927630208401695,0.002329162159649566,11,1,0,1,0,-0.0023519839417256707,1
2147.9492608353507,1691.5087548795002,3839.458015714851,456.44050595585054,1.025486418409828,-0.004231997984829906,4,1,0,0,0,0.0012958921670889279,0
5451.596815980205,5249.822396869512,10701.419212849716,201.7744191106931,2.46114006261135,-0.001026369021952877,1,0,0,1,0,0.0002998928011615216,0
755.0641683521486,1432.1594195065015,2187.2235878586503,-677.0952511543529,0.5079415778960641,-0.002516378087591326,21,1,0,1,0,3.483902249181857e-05,1
2385.8080956027848,711.7357582492334,3097.5438538520184,1674.0723373535513,0.7107966900217837,-0.0029923820565423663,6,1,0,0,1,-0.0006014892201671666,0
477.23994464993916,2353.9543160038743,2831.194260653813,-1876.7143713539351,0.6913245223737016,0.005266489229961035,12,0,1,1,0,-0.002503065030680955,0
5325.389688300209,1294.2987203999198,6619.688408700129,4031.090967900289,1.4983989092720547,-0.006246662805437614,14,0,1,0,0,0.003721876096776528,0
3700.079811010552,1665.752042360363,5365.831853370915,2034.327768650189,1.1706383822269752,0.008323482344825649,21,1,0,0,0,0.002682763361832279,1
1131.3758598568106,517.4827959657456,1648.858655822556,613.893063891065,0.37081021269904485,0.004501061529001425,2,0,0,1,0,0.000658427902017883,1
4096.692791078317,2575.243254872565,6671.9360459508825,1521.4495362057519,1.554224115575513,0.0057414310536912545,20,1,0,0,0,0.004072876829819692,0
1523.1263773112066,1130.5120483704347,2653.6384256816414,392.6143289407719,0.6035363069805273,-0.0017528860713030333,19,0,0,0,0,0.001761060658145608,0
3829.8206126696737,2034.0169423252714,5863.837554994945,1795.8036703444022,1.3988029924551981,-0.0002412564839329033,4,1,0,0,0,0.005189831410130134,1
1673.44542349235,6112.587446961821,7786.032870454172,-4439.142023469471,1.7105438937677326,-0.006482011966330926,23,0,0,0,0,-0.0014287456425972828,0
1728.0570526777942,1367.6659715488688,3095.7230242266633,360.3910811289254,0.6594919782349802,-0.002069053343107055,7,0,0,1,0,-1.9582438255574494e-05,0
1150.5388793024279,2823.8456656489493,3974.3845449513774,-1673.3067863465214,0.838771366884599,0.0028840815649561445,21,1,0,1,1,-0.0026001005590713523,0
2607.0085414765626,1443.4839155696984,4050.492457046261,1163.5246259068642,0.8521226881475034,0.006736634329910837,0,0,0,1,1,0.000575923566356096,0
1826.8412805663097,961.0355839991756,2787.8768645654854,865.8056965671341,0.6656564678694317,-0.004883720997280051,7,0,0,0,0,0.00302809910475789,0
2422.925944821232,4020.589943759975,6443.515888581207,-1597.6639989387431,1.4343842673504965,-0.0012891025721788556,23,0,0,0,0,0.003235527012405393,0
367.0537384929725,231.73551490873893,598.7892534017114,135.31822358423358,0.13881105569204844,-0.00024913353235447584,17,1,0,0,0,0.002127080503657501,0
3920.130740594516,3335.0628377480784,7255.193578342594,585.0679028464374,1.567098003523446,-0.00633282398158148,19,0,0,0,0,-0.0017287517781522078,0
4578.291159311624,197.67226691971536,4775.963426231339,4380.618892391909,1.061795858074352,0.003367407207602456,15,1,0,0,1,0.005418395729591775,0
1820.5065888311683,3104.983821049935,4925.490409881104,-1284.4772322187669,1.1027499523130917,-0.003048582663043361,17,1,0,1,1,-0.0032165259103404333,0
5993.7066419048915,1685.1611082505374,7678.867750155428,4308.545533654355,1.5679903251953171,-0.0004662587648759713,19,0,0,1,0,0.005518497740267189,0
5115.041656411146,713.5653490327136,5828.607005443859,4401.4763073784325,1.2049971968849216,-0.0017232588337897645,11,1,0,1,0,0.002670166297432027,0
2646.3918415329963,1194.4765431868764,3840.8683847198727,1451.91529834612,0.7803737825461426,-0.003386656728113373,12,0,1,0,0,0.0021310242770407714,0
4131.494632036259,2718.9854584149193,6850.480090451178,1412.5091736213394,1.3722075379509642,0.00045647098281603233,12,0,1,1,0,-0.001958642108978462,0
3440.524248256498,5741.840888263956,9182.365136520453,-2301.316640007458,1.8032768147266092,-0.0005680424579445547,9,1,0,0,0,0.0029949537601351734,0
271.12970090369305,353.0513869508411,624.1810878545341,-81.92168604714806,0.12698207676913228,-0.0013375481069721558,6,1,0,0,0,-0.0028439282584642196,1
1342.4963189459465,754.7829154549082,2097.279234400855,587.7134034910383,0.438630447119096,-0.003101638530333204,13,0,1,1,0,-0.0010430531199608361,1
2775.230773559737,471.60859862411473,3246.8393721838515,2303.6221749356223,0.6873039329142981,0.002066196685234856,23,0,0,1,0,-0.0001570742351559612,0
4777.257298378545,1434.2414101645231,6211.498708543068,3343.0158882140217,1.2501589648625187,0.008562768302755373,15,1,0,0,0,-0.0005869027966754685,1
444.4439183143525,3162.1181725212427,3606.5620908355954,-2717.67425420689,0.7567387574981285,0.001169979092821951,14,0,1,0,0,-0.001169781991926508,0
292.98907198157804,407.502994509,700.492066490578,-114.51392252742198,0.1467554754632597,0.005317565032531025,11,1,0,0,0,0.0037016767498734716,0
1595.9784942568972,1651.1085656416044,3247.0870598985016,-55.13007138470721,0.723681827593129,-0.006298639004046592,8,0,0,1,0,0.006029927236540793,0
168.86284539590397,3093.836346796235,3262.699192192139,-2924.973501400331,0.7451112008682729,0.0012567650630105757,7,0,0,0,0,-0.0005230639756593971,0
1554.2403442300183,1180.341942583639,2734.5822868136574,373.8984016463794,0.6476499988790707,-0.004886622436635974,17,1,0,1,1,0.0030679617498373052,0
2186.154516970936,1936.9269827762453,4123.081499747182,249.22753419469086,1.0389965679965596,-0.006792087496134411,22,0,0,0,0,0.0016277996109509796,0
723.9257955229913,3825.2495774281538,4549.175372951145,-3101.3237819051624,1.1733926019171863,-0.003163866141513541,17,1,0,0,0,0.0006204971005010307,0
1587.050791969167,631.0787397560746,2218.1295317252416,955.9720522130924,0.5897661403958449,0.006352227270572856,12,0,1,0,0,-0.00020631127614793144,1
3228.847676216387,263.56522733685676,3492.4129035532437,2965.28244887953,0.991832970543768,0.00513637533016878,17,1,0,1,1,0.0028646280458287368,0
1071.5540770010855,2114.331504343157,3185.8855813442424,-1042.7774273420716,1.0300807121017577,0.0016750698463302205,14,0,1,0,0,0.0005535686955418212,1
838.3217977007256,2157.0137519123255,2995.335549613051,-1318.6919542115998,0.9181897059665871,-0.0070459170411832995,3,1,0,1,1,-0.0008980757288918756,1
1532.274390540714,1113.4695955271714,2645.743986067885,418.8047950135426,0.8014019081958002,-0.00047372554313357006,16,1,0,1,0,0.0008558157059165956,1
655.586703739459,937.674154342743,1593.260858082202,-282.08745060328397,0.5005088773118535,0.0019725685392774734,4,1,0,1,0,0.00024260491401523502,1
5707.409999532162,1711.1471867437797,7418.557186275942,3996.2628127883827,2.2690186041854234,0.001351206587105985,21,1,0,1,0,0.0059199566452406635,1
1712.6074805646156,620.2008956225162,2332.8083761871317,1092.4065849420995,0.7339295853071757,-0.008625175123760952,15,1,0,1,0,-0.0008519314654771358,0
916.701507283402,621.1503431120068,1537.8518503954087,295.55116417139516,0.47489049694350677,-0.003924421581027638,8,0,0,1,0,0.0005195816618139013,0
1958.4570915616603,2706.5789035240573,4665.035995085717,-748.121811962397,1.3968798657953263,0.00017834451800235099,9,1,0,1,1,0.004846829897919523,1
1525.8169808050127,579.9942855874818,2105.8112663924944,945.8226952175308,0.6465540056752576,0.003149070194652946,23,0,0,0,0,0.003447585658455898,0
1397.3624601945573,283.9979258802987,1681.360386074856,1113.3645343142587,0.5284394610226358,-0.010482702694854858,17,1,0,0,0,0.0037834798259571757,0
1071.319894697615,936.0416549241357,2007.3615496217508,135.27823977347919,0.6623592396336576,-0.00031077758972006736,16,1,0,0,0,0.0007788620398764656,0
1028.3334099152398,1136.1403527946609,2164.4737627099007,-107.80694287942106,0.7567328636214244,0.0012143843477928876,17,1,0,0,1,0.0013448245195537604,0
376.03518874215507,2337.1816214968017,2713.216810238957,-1961.1464327546466,0.9369971253050187,0.004722295911623769,6,1,0,0,0,0.001960896242333546,1
4127.340682772812,1008.170517273292,5135.511200046104,3119.1701654995204,1.704442444666416,0.003927292374508569,3,1,0,1,0,0.0063845385864780375,0
2527.3029103515655,4259.873096963106,6787.176007314672,-1732.5701866115405,2.075430097803083,0.003369614427070476,4,1,0,0,1,-0.0026940608212684606,1
2101.6461566789803,1779.2561273045858,3880.902283983566,322.39002937439454,1.1642106869700586,-0.0034673409071290327,22,0,0,0,0,-0.0013054769124424355,0
1506.9200210010476,825.8159348132078,2332.7359558142552,681.1040861878398,0.7045098488801844,-0.009037360401984818,15,1,0,1,0,0.0036639500947794,0
712.391875660872,2267.270071800539,2979.661947461411,-1554.8781961396671,0.8737560473931659,-0.0014669830971079478,2,0,0,0,0,-0.0004574617622142748,1
868.497731981751,4209.940821960399,5078.43855394215,-3341.4430899786485,1.5659573983613853,0.0054843780187011455,17,1,0,0,0,-0.0014482057251440936,0
422.277623928349,2655.3175965588653,3077.595220487214,-2233.0399726305163,0.9336730226031816,0.007380161443905102,22,0,0,0,1,-0.0026911689377032842,0
963.5421393946335,381.85949830991956,1345.4016377045532,581.682641084714,0.40987385429050205,0.003989487510976583,20,1,0,0,0,-0.0004093182282553598,1
624.0143537190992,1218.4824496031065,1842.4968033222058,-594.4680958840073,0.5980448254673809,0.0025986221304365228,13,0,1,0,0,-0.0031019726147896534,0
4931.346537425508,2010.9897981751553,6942.336335600664,2920.356739250353,2.0261706556915646,0.0023490995376206627,14,0,1,1,0,0.005642366915090131,0
3083.6150025857714,2579.054480627806,5662.669483213577,504.56052195796565,1.5260328548325999,-0.0022389042602173784,16,1,0,1,1,0.0017334410118504356,0
1768.5572935684725,1441.1714631969216,3209.728756765394,327.3858303715508,0.8454227688437354,-0.00014757571780853412,0,0,0,0,0,0.0008932146005040757,1
783.6941735157661,1286.0164812133548,2069.710654729121,-502.3223076975887,0.5461226876217758,0.008610156663433979,20,1,0,0,0,0.0014711148841086452,1
654.1988835108519,5224.516925740529,5878.715809251381,-4570.318042229676,1.4638475902354011,-0.004117660795205753,16,1,0,0,0,0.0011033789076537025,0
1432.81893028246,2682.6615571453167,4115.480487427777,-1249.8426268628566,1.0437236120758444,0.008310640851623438,22,0,0,1,0,0.0023105786117536948,0
3171.0843276503706,2272.3274031581827,5443.411730808553,898.7569244921879,1.4149419751606798,-0.0010772141178743663,10,1,0,0,0,0.004011564325221917,1
434.64019499648316,1044.8099756381791,1479.4501706346623,-610.169780641696,0.40251018950400014,0.006868270362428096,16,1,0,0,0,-0.0011642658023985606,1
2504.2203859760457,611.6192935642089,3115.8396795402546,1892.6010924118368,0.8350109641116661,-0.006336628396424329,13,0,1,1,0,0.000350566936292196,0
959.9005983168513,2300.882948689665,3260.7835470065165,-1340.982350372814,0.8691770756554348,0.0033148628932377975,19,0,0,0,0,0.0017367492113535788,1
1113.5713970662107,2888.075426820154,4001.6468238863645,-1774.5040297539433,1.0889836615889616,-0.0030869056489286765,18,0,0,0,0,-0.00085304647656725,0
1730.095879093099,1659.4526708714566,3389.5485499645556,70.64320822164245,0.9168513907887024,-0.006417008630588504,20,1,0,0,0,0.0009419597308450735,0
807.6137834193838,2687.6602264151193,3495.274009834503,-1880.0464429957356,0.9077439244226277,0.0015516725709343497,6,1,0,1,1,0.0007652482317743885,0
1376.8267196458796,2735.512901079606,4112.3396207254855,-1358.6861814337262,1.0248468320834112,0.005375509604126358,23,0,0,1,1,0.0019158739059873006,0
748.1184392422972,3020.7402899326607,3768.858729174958,-2272.6218506903633,0.9954826346680624,-0.003622395416962366,12,0,1,1,0,-0.004691672850085584,0
1027.4419068533741,374.7530956351114,1402.1950024884854,652.6888112182628,0.4027396055754803,-0.006849533033416318,17,1,0,0,0,0.0021585753109625017,0
2844.4438023913867,1246.9282615847126,4091.3720639760995,1597.5155408066742,1.1542496606214634,3.9926153385463724e-05,22,0,0,1,0,0.0014855593153213493,0
1798.2212084571945,2400.179160645339,4198.400369102534,-601.9579521881444,1.1357263432939126,6.150994944389984e-05,13,0,1,1,0,0.0011139364456346898,1
2837.067825903314,1731.7535647765924,4568.8213906799065,1105.3142611267215,1.2680245814761162,0.003163786857366404,0,0,0,1,0,0.0033745450967491344,0
949.2331580322274,2741.4282521866835,3690.661410218911,-1792.195094154456,1.033000851646484,0.005095899383603624,6,1,0,0,0,0.003352733426807571,0
2517.163710486707,2271.3534397496223,4788.517150236329,245.81027073708447,1.3580673317818965,0.000197005028947599,7,0,0,1,1,0.004187879762392845,0
324.8005474868784,145.88975659078628,470.6903040776647,178.9107908960921,0.13627693590538376,0.009403060713418423,17,1,0,0,1,0.002918875656574022,0
1729.5179761951763,3522.221747810818,5251.7397240059945,-1792.703771615642,1.456191722500144,0.001556659619527376,8,0,0,0,0,0.0034471804750247997,0
2634.4905058474765,1121.7688546623726,3756.259360509849,1512.7216511851038,1.031406586163715,-0.0011845015839852338,0,0,0,1,0,0.0023705253813881585,0
310.2780554923627,782.5303618641908,1092.8084173565535,-472.2523063718281,0.3182220835313653,-0.00731884738968599,21,1,0,0,0,0.0001464661044191306,0
958.8343664020903,3443.6896611022903,4402.524027504381,-2484.8552947002,1.2555460719996943,-0.0007882007612186558,16,1,0,1,0,0.0017587525910062634,1
1728.6100212218141,2596.855461880984,4325.465483102798,-868.2454406591698,1.213055376681981,-0.0011467760244597517,18,0,0,0,0,0.002243094559218441,1
3332.5606160959705,3771.951618075807,7104.512234171778,-439.39100197983635,1.8797554234192262,0.005117497446305811,5,1,0,1,1,0.0010419274489527877,1
1027.3291936139562,2027.2018100615082,3054.5310036754645,-999.872616447552,0.8192464462293548,0.0027074432948477156,2,0,0,1,1,0.0011289569556221148,0
2448.4714398130504,1233.9424601318094,3682.4138999448596,1214.528979681241,0.9463107330430337,-0.005222539024097763,23,0,0,1,0,0.0014833822893144655,0
4306.374896473884,1858.7183769791948,6165.093273453079,2447.6565194946897,1.5262172347256373,0.0013155727451334052,4,1,0,0,0,0.00104217967755287,1
2528.1808391591617,659.6640270019276,3187.844866161089,1868.5168121572342,0.8035346655296038,0.0037143032188468846,1,0,0,0,0,0.00431871455436092,0
1418.03852192751,459.2776703388694,1877.3161922663794,958.7608515886404,0.4972987505784756,0.007776712775560778,19,0,0,1,0,0.0010870776614329745,0
2193.1970637553604,979.1335179281713,3172.330581683532,1214.063545827189,0.8486698109418008,0.004694921790257911,3,1,0,0,0,0.005553118099253096,1
1002.2034402965126,4534.31140756099,5536.514847857503,-3532.1079672644773,1.4602702166276154,0.004076068530556455,9,1,0,1,1,-0.0035567683074042887,1
1780.97149104532,1066.2314603274613,2847.202951372781,714.7400307178586,0.7187759838212664,0.0007574255474250643,9,1,0,1,0,-3.7411546506536855e-05,1
1473.6584473346786,291.3814255503288,1765.0398728850073,1182.27702178435,0.4754786634903281,0.002305057605636772,23,0,0,0,0,0.0011318948477642458,0
2141.605581040179,1473.3956969833555,3615.0012780235347,668.2098840568235,0.9764882478205487,0.006329961123322985,20,1,0,0,0,0.0035853553851067886,1
1189.4787965328578,1054.3084886704376,2243.787285203295,135.17030786242026,0.5929269959458605,-0.005816072492711219,10,1,0,0,0,0.0014594508950814408,1
2229.5270953077234,3565.4411800702874,5794.968275378011,-1335.914084762564,1.4921195238790785,-0.0011782066286721534,15,1,0,1,1,0.0014451079898592995,0
1180.1135418175372,4323.2444689750955,5503.358010792633,-3143.1309271575583,1.38698704668304,-0.003186948845223124,16,1,0,0,1,-0.0024391060020040336,1
3063.2015727284884,1187.8421023583062,4251.043675086795,1875.3594703701822,1.1293856757917549,0.0022653108235614057,15,1,0,0,1,-0.00024681738348209664,1
1280.2083787820682,2025.7752039961395,3305.9835827782076,-745.5668252140713,0.8741379972865172,0.006249639457269153,6,1,0,0,0,0.001146363905259291,1
177.22289074051352,2151.057307083291,2328.2801978238044,-1973.8344163427776,0.6317802693813124,-0.002340345146985448,15,1,0,1,0,-0.0030833489264267934,1
674.5884715755589,1604.6424641025235,2279.2309356780825,-930.0539925269646,0.6688458577782193,-0.01090306766133181,2,0,0,0,0,-0.0008599366390639203,0
1690.5579501052712,1386.5645695393055,3077.1225196445766,303.9933805659657,0.9050896494589367,-0.001488549392304972,15,1,0,0,0,0.0020589209979136346,0
4902.919928760329,735.5730547540066,5638.492983514336,4167.346874006322,1.5370215514783478,0.004808621521670997,7,0,0,1,0,0.0016560464439279573,1
2983.097851771503,238.8590192982389,3221.9568710697417,2744.238832473264,0.8774395179094009,0.0030162328269414842,11,1,0,1,1,0.005460270858869646,1
131.66968193853057,731.6305016208163,863.3001835593468,-599.9608196822858,0.25861265370052755,0.002492295506477027,2,0,0,1,0,0.0024065049323351646,1
393.822382107124,1561.2526775416209,1955.0750596487449,-1167.4302954344969,0.5970653155007459,-0.0008500369385082111,16,1,0,0,0,-0.0031294898288931035,0
3622.2295066324637,408.27605193741016,4030.5055585698738,3213.9534546950536,1.17292244194625,-0.005599271567731122,20,1,0,0,0,0.0009151566829298022,0
2624.3244941580624,1948.8230027266784,4573.147496884741,675.501491431384,1.304849287129232,0.00291354766327818,17,1,0,1,0,-0.002928954456144976,1
6652.682800591422,1757.802266177142,8410.485066768564,4894.88053441428,2.1318214896527232,-0.003489109936862247,10,1,0,0,1,0.0030140790317635968,1
1141.1909472848486,1055.8382373212478,2197.0291846060964,85.35270996360077,0.5956890046298389,0.010736882348927721,3,1,0,1,0,0.002171142312756438,1
792.6586418251173,1339.9851309462845,2132.643772771402,-547.3264891211671,0.618614887885041,0.0031419586795413505,15,1,0,1,0,-0.0004828382412252563,0
1760.7760393940634,488.916640364648,2249.6926797587116,1271.8593990294155,0.6807974865661225,-0.0022573748992545093,16,1,0,0,0,0.002238321673312765,0
1122.9392444249843,2983.7199102361724,4106.659154661156,-1860.780665811188,1.2216065394099784,-0.0024075138115378742,8,0,0,1,0,-0.002753452430059104,0
3396.9971829555366,2948.9552868463184,6345.952469801855,448.0418961092182,1.7392537950078675,3.3216358649818504e-05,5,1,0,1,1,0.0035592252522262877,0
1091.1379421312292,580.3333477725926,1671.4712899038218,510.8045943586367,0.4636211496258066,-0.0006571608232470445,23,0,0,0,0,-0.0003911950090515748,0
1341.9732202663463,596.9221513977672,1938.8953716641136,745.0510688685791,0.5502050498538327,0.0056995473599690556,19,0,0,1,0,0.0009470699488539327,0
695.514703484422,740.6212469074188,1436.1359503918407,-45.10654342299688,0.44548169783026836,0.0013397519766483465,1,0,0,0,1,0.00023717942333266446,0
2847.389927444286,2484.8064688558616,5332.196396300147,362.5834585884245,1.5801377913573187,-0.0029633016384423643,8,0,0,0,0,-0.0007816675211330367,0
737.1216087325346,2146.1659147899522,2883.287523522487,-1409.0443060574175,0.8193954936133447,0.009251762276733822,20,1,0,0,0,-0.002191295322894929,0
2259.4123425882094,3417.3297689665746,5676.742111554784,-1157.9174263783652,1.4999457073240918,0.0006935183737531276,5,1,0,1,0,0.0028565759321417614,0
5453.374889568992,3678.4811155505645,9131.856005119556,1774.8937740184278,2.200970211973571,0.0040194297290576065,2,0,0,1,0,0.0038864014139861763,1
263.5151456286417,368.47112617194136,631.986271800583,-104.95598054329969,0.1634094071325649,-0.002356700565433994,19,0,0,1,0,0.0022110294999677683,0
4440.161681348118,2422.6209898404827,6862.782671188601,2017.540691507635,1.826688837297557,0.0021429146561248733,5,1,0,0,1,0.0034847756540564113,1
2054.8616504144866,3580.3682466753294,5635.2298970898155,-1525.5065962608428,1.4079141601412382,0.0018986639615446975,6,1,0,1,1,0.0009311421316292499,1
595.0072545213726,1271.507671514796,1866.5149260361686,-676.5004169934233,0.46855816316824744,-0.008334172676453342,0,0,0,0,0,-0.003321713282661997,0
1811.9213708636794,1636.4454970990503,3448.36686796273,175.4758737646291,0.8474419122774748,0.009754484100370718,22,0,0,1,0,0.00039444645563744976,0
2790.173791969885,1451.5573652591372,4241.731157229022,1338.6164267107476,1.039946783839553,0.006372023475980366,0,0,0,0,0,0.0016544863563874388,0
840.281640592655,1502.6327611383192,2342.914401730974,-662.3511205456642,0.6177162536565073,-0.0013636252329590989,4,1,0,0,0,0.004192755089928823,1
2352.4303932256416,2976.71089933012,5329.1412925557615,-624.2805061044783,1.3144977975199548,-0.004619973618327868,5,1,0,0,0,0.0023762708086650704,0
4685.557345045105,5099.3619256574375,9784.919270702543,-413.80458061233276,2.120445847385235,0.002058792909652038,12,0,1,1,0,0.0028652200731128907,1
1089.9710165974868,4161.8893934921725,5251.860410089659,-3071.918376894686,1.0746353628476633,0.0008580764468714867,1,0,0,0,0,0.0007337515861897768,0
687.7282117147695,1098.006419172314,1785.7346308870835,-410.27820745754457,0.38537232423246315,0.0020899113419496225,14,0,1,1,0,-0.001627745557627731,0
1509.4934698569757,2030.4938325048076,3539.9873023617833,-521.0003626478319,0.7562947990275973,0.0013355245720841245,14,0,1,0,0,-2.6251749024213262e-05,0
1739.6472720273146,845.779971052892,2585.4272430802066,893.8673009744225,0.5797065744090202,0.002769102629844747,12,0,1,0,0,0.0009193809430156774,0
3515.929908106794,924.6842778348935,4440.6141859416875,2591.2456302719,1.0765645281102174,0.007017966187778467,13,0,1,0,1,-0.0005826883244054134,1
1470.8883376690171,1581.435477103408,3052.323814772425,-110.54713943439083,0.7102256062771579,0.0030210970012030268,21,1,0,1,0,-0.00011382271662587981,1
1174.0763744886126,902.8753208119276,2076.9516953005405,271.201053676685,0.5250347079422559,-0.004312768892166642,6,1,0,1,1,0.0002491012474262545,0
671.7540868996209,1024.3760089853993,1696.1300958850202,-352.62192208577835,0.4615982336553643,0.006598261952356655,13,0,1,0,0,0.003034928704087347,1
313.0912241034289,1995.2350348258171,2308.3262589292463,-1682.1438107223883,0.6228567682583163,0.007791491020116527,23,0,0,0,0,-0.004379696187884834,0
494.4204228039384,2398.565097946008,2892.9855207499463,-1904.1446751420694,0.7890619313256075,0.01434827075583591,9,1,0,0,0,0.0022486264351866594,1
491.4873816971529,2353.297809502386,2844.785191199539,-1861.810427805233,0.7976230023752457,-0.004536201705075812,16,1,0,1,0,-0.0020068726814461363,0
1353.4963697573423,2369.9862915033805,3723.482661260723,-1016.4899217460381,1.0159042113475496,0.001517372674535951,13,0,1,0,0,-0.0032524033354122475,0
381.8292143067265,525.0641801674859,906.8933944742124,-143.23496586075942,0.2707697442466937,-0.008849098780114521,7,0,0,1,0,0.002559036521393242,0
1597.5503477189986,862.7126903063219,2460.2630380253204,734.8376574126768,0.8705425517455626,0.0029075124298327203,3,1,0,1,1,0.0027017575189206633,1
5374.544118730594,1716.1255279095026,7090.669646640097,3658.4185908210916,2.397546055857345,-0.001999165326011279,15,1,0,0,1,0.0067357927560302705,1
3585.1240380475047,3471.075237951144,7056.199275998649,114.04880009636054,2.1164800500889434,0.008944705175782271,23,0,0,0,0,0.003774908345228277,1
1343.0754987848775,6959.995816799585,8303.071315584462,-5616.920318014707,2.259860791155344,-0.0029910763501215226,12,0,1,1,1,0.0013112298444674505,1
7685.145974047892,2090.4679201719146,9775.613894219807,5594.678053875978,2.334343156369164,-0.007096044593601119,21,1,0,1,0,0.006249129857196124,0
1744.292234972594,2782.5285611517743,4526.820796124368,-1038.2363261791802,1.0793836799727552,-0.0016605253502861897,19,0,0,0,0,0.00024731076463684797,0
1935.6951635747077,467.0095888801928,2402.7047524549007,1468.685574694515,0.5793150057987889,-0.008459322768272949,17,1,0,0,0,0.0019995105477887314,0
1487.1585100765801,2730.810786706658,4217.969296783238,-1243.6522766300777,0.980826715813094,0.003824174223321272,13,0,1,0,1,0.001865112118376888,1
1624.7389608408932,5789.308455876307,7414.0474167172,-4164.569495035414,1.5744937717010203,-0.008908199158895127,17,1,0,0,1,-0.0020665416263369206,0
1058.9411858280844,859.910544360394,1918.8517301884785,199.03064146769032,0.4099212232119778,0.0005819905332216667,4,1,0,0,0,-0.0007943406211169387,1
1358.6880498677256,1053.1008974995661,2411.7889473672917,305.5871523681594,0.5190377298523658,-0.009041703559854496,8,0,0,0,0,5.391127684063084e-05,0
4459.911451851637,3040.908409884395,7500.819861736032,1419.003041967242,1.506422162893201,-0.001008121939994944,2,0,0,1,1,-0.0019932419136538424,1
3848.4397696010883,1699.6583034302637,5548.098073031352,2148.7814661708244,1.0858274053561863,0.007914863701674877,7,0,0,0,0,0.002436374955276692,0
167.19944403160693,213.8087665574392,381.00821058904614,-46.60932252583228,0.0751199932038527,0.0020869576047551895,19,0,0,0,1,-0.0037204420759611155,0
429.9440081952753,1107.664398058906,1537.6084062541813,-677.7203898636308,0.3071475239496944,-0.003471001245283189,21,1,0,0,0,7.440595488311709e-05,0
850.6756007927946,4311.392713776467,5162.068314569261,-3460.717112983672,1.060335781462172,0.00031266550465840594,9,1,0,1,1,0.0010605567372408355,1
3189.9549177549134,1331.8443737666666,4521.79929152158,1858.1105439882467,0.9646906400822343,0.0005360740429957454,21,1,0,1,0,0.0009399929907886863,1
3906.169738718474,1330.958267239993,5237.128005958467,2575.211471478481,1.1720603724423015,0.002594339851200228,18,0,0,0,0,0.0058138978485552835,0
2782.727617660398,2909.42630728333,5692.153924943728,-126.69868962293185,1.3628569763806233,-0.0057727190552479156,20,1,0,0,1,-0.0016214941672678183,0
592.695585749831,2145.3440548803446,2738.0396406301757,-1552.6484691305136,0.6762489733044952,0.003145907299942242,2,0,0,1,0,0.0022824461020029036,0
1077.0811003970498,1274.49449825064,2351.5755986476897,-197.41339785359014,0.5813233178530736,-0.011971777797152952,10,1,0,0,0,0.00183289073174012,0
2381.6379589647445,994.6333477731149,3376.2713067378595,1387.0046111916295,0.8472258782582381,-0.0024417024584118124,10,1,0,0,0,-0.0018913383127673253,0
1375.261801936569,9108.814528614455,10484.076330551025,-7733.552726677886,2.493609537893742,-0.0017923686302086796,16,1,0,0,1,0.004048421772635864,1
1228.0945810636854,3845.270485798324,5073.365066862009,-2617.1759047346386,1.1453066743315767,0.003373797980822511,15,1,0,0,0,-0.00029077184904367515,1
1242.7442325760449,2369.3612732541246,3612.1055058301695,-1126.6170406780798,0.7999459463694828,0.0005638665039745389,6,1,0,0,1,-0.0015183306182808204,1
3656.072812896932,2477.717637320709,6133.790450217641,1178.3551755762232,1.3884289762404742,-0.006039338370751304,3,1,0,1,0,-0.0008365678255394479,0
2555.5989375473273,1509.8955246999938,4065.4944622473213,1045.7034128473335,0.9428563348722356,-0.004110673585393484,22,0,0,1,0,0.0010256719859765544,0
1298.1326768045512,2126.8035475178253,3424.936224322377,-828.6708707132741,0.7561708735532746,0.0013854063057852028,18,0,0,0,0,8.70216934167181e-05,1
2124.1520048334924,1387.2510979354129,3511.4031027689052,736.9009068980795,0.7518580620505014,9.70852422518583e-05,11,1,0,1,0,0.0013255995725788702,1
517.0650810212314,791.4305694418315,1308.495650463063,-274.36548842060006,0.29772062640491753,-0.0022271168933139136,14,0,1,0,0,-0.0007327750566582204,0
1078.8163609510111,2187.5214162836774,3266.3377772346885,-1108.7050553326662,0.7586660720011562,-0.0017733723998362943,10,1,0,0,0,0.00147076416456501,1
3420.8554473974427,1293.7843423956772,4714.63978979312,2127.0711050017653,1.1046358350066146,0.0036937037665776573,4,1,0,1,0,0.0013929117221810048,1
356.5551827000222,2269.9597102333114,2626.5148929333336,-1913.4045275332892,0.6486703953577028,-0.001941585414793431,4,1,0,1,1,-0.004177960102889884,1
2577.8230264263098,2579.2747584809777,5157.097784907288,-1.4517320546679002,1.2215213658251753,5.535311982017765e-05,14,0,1,0,0,-0.0002994488573266164,0
164.8306062751492,2355.946971884775,2520.777578159924,-2191.116365609626,0.595372482036843,0.01044073902592612,17,1,0,0,1,-0.005235141007514527,1
4956.172151703478,733.9667643094137,5690.138916012892,4222.205387394065,1.2934407148898628,-0.006125670284917956,10,1,0,1,1,0.004112084670369675,0
1057.5160578707626,1183.8276801603042,2241.343738031067,-126.31162228954167,0.5882081671672429,-0.00817334956405005,11,1,0,1,1,-0.0014335481045427987,0
2236.8765976161017,1313.9960622666567,3550.8726598827584,922.8805353494449,0.959251822979014,0.0041055269513664075,1,0,0,1,0,0.0017474128004853376,0
1818.5260043607364,3270.50405285877,5089.0300572195065,-1451.9780484980338,1.336683932013585,-0.0026958657059210234,19,0,0,0,1,0.003238844870813777,0
1868.333022967259,3155.7996418636917,5024.1326648309505,-1287.4666188964327,1.3476953298798449,-0.001017791299272567,14,0,1,0,0,-0.0025412306999842166,0
2096.4542987244854,908.1877295596621,3004.6420282841473,1188.2665691648233,0.8227007579037309,-0.0031868230324515303,19,0,0,0,0,0.0035393465595103786,1
290.24847850045524,512.7044102944824,802.9528887949376,-222.45593179402715,0.231740176022406,-0.0007481920538671094,3,1,0,0,0,-0.0007462669232469139,1
1897.1277762531545,7172.514439310919,9069.642215564074,-5275.386663057765,2.3484914329413815,0.00788989282895254,21,1,0,1,1,0.0032171877055436698,1
1440.2498218988253,2290.428518814468,3730.6783407132934,-850.1786969156428,0.9245991313081796,0.004172997165714855,17,1,0,0,0,-0.00023079544354606847,1
1062.442000726616,445.77380103162545,1508.2158017582415,616.6681996949906,0.385798631018585,0.00443125685257194,5,1,0,0,0,-0.0009868532401473024,0
850.2732673038051,1038.7016276821435,1888.9748949859486,-188.4283603783383,0.5095008398041053,-0.0060984893552402785,22,0,0,1,0,0.001789763560405513,0
1932.5024269838464,3363.576890312199,5296.079317296046,-1431.0744633283525,1.358601601053519,-0.0048941583456170385,18,0,0,0,0,-0.00022851508985792925,1
695.7965825475256,6078.023279715066,6773.819862262591,-5382.22669716754,1.6876896638591836,-0.012917858118706924,10,1,0,0,1,-0.0026863227129826036,0
3379.6266116493466,5436.801513456635,8816.428125105982,-2057.1749018072883,1.9752922888824778,-0.0033567641741310233,23,0,0,1,0,-8.974863428748555e-06,0
2354.2650636550984,2221.952885732659,4576.2179493877575,132.31217792243933,1.0438958379157979,0.004975402529406186,1,0,0,1,0,0.0010208388625110147,1
2019.5315260116083,1671.028226063591,3690.5597520751994,348.50329994801723,0.8224449019994204,0.0028964297047476893,7,0,0,1,1,0.003681056814463137,0
3284.4338078869014,670.49285317527,3954.9266610621717,2613.940954711631,0.8757269149458186,-0.0005708039715655967,10,1,0,0,0,-0.0016854780986175202,0
240.74259224539838,1779.7537954914853,2020.4963877368837,-1539.011203246087,0.47021275597341655,0.00036485831770977583,4,1,0,1,0,-0.0002531315277487855,0
500.407241117018,757.4031875105976,1257.8104286276157,-256.99594639357963,0.31226981442348156,-0.0027729261963011374,17,1,0,1,0,0.0014335790305347778,0
2428.264843719183,1193.3762715145713,3621.641115233754,1234.8885722046116,0.8893941346559505,0.0014329828992674285,22,0,0,0,0,0.0018937355707418484,0
894.3371155512947,3038.717644653278,3933.0547602045726,-2144.3805291019835,0.9155985725015621,0.004054869610160844,17,1,0,0,1,0.0024631386468176386,1
995.2913850421402,1381.7512318868764,2377.0426169290167,-386.45984684473626,0.6226589485665269,-0.007149584335119721,13,0,1,1,1,-0.0003419205829394167,0
430.3891590973045,1308.9490474335387,1739.3382065308433,-878.5598883362342,0.4732469408539842,0.0018813668769339293,21,1,0,0,0,-0.00033513588768602323,0
697.6006209916552,1602.6893223196173,2300.2899433112725,-905.0887013279621,0.6163847943500749,0.004836744934587726,9,1,0,1,1,0.0013484995377127805,0
3430.5236508174407,7856.043146665061,11286.566797482501,-4425.51949584762,2.563286577585617,-0.001478362347092903,2,0,0,0,0,0.0005491544595645063,1
2388.1024213086926,603.8356951690743,2991.938116477767,1784.2667261396182,0.7058820569135313,0.0037426034248105393,8,0,0,0,0,0.0008171979434223983,0
1916.8583713721243,2055.853050568198,3972.711421940322,-138.99467919607355,0.9837092599857008,0.013440456674123906,2,0,0,0,0,0.0019464999995604236,1
1028.5022243131768,5123.988519093341,6152.490743406518,-4095.486294780164,1.5987885744048531,-2.002648719633407e-05,10,1,0,1,1,-0.0017540111594185194,1
1829.194898699561,1599.0244994338989,3428.21939813346,230.17039926566213,0.9102545725476975,0.0022696878790559125,11,1,0,0,0,-0.0001970145318581256,1
3634.1979103966564,3797.8805253976775,7432.078435794334,-163.68261500102108,1.8426008183235334,-0.0029443211212648117,11,1,0,1,0,0.0007047714672917956,1
913.7140205273864,477.7931671777094,1391.507187705096,435.92085334967703,0.3613956686183347,0.0012961542507523758,2,0,0,1,0,0.003285494415625988,0
1621.9035556701022,1418.113578533709,3040.017134203811,203.7899771363932,0.7748833381697156,0.0025753785537666854,20,1,0,1,0,-0.005565254385233516,0
5157.3072888814495,832.4844504893696,5989.791739370819,4324.82283839208,1.4056610835176595,0.001353455869528563,6,1,0,1,0,0.004359270172239584,1
2757.5122191504847,1585.994563110815,4343.5067822613,1171.5176560396696,1.0071307029316339,-0.004239704759460064,13,0,1,1,1,0.0006543024564202792,0
1040.8763935160034,1611.9909468131727,2652.867340329176,-571.1145532971693,0.6284461868568829,0.0014103057929528754,23,0,0,0,0,-0.0030188520082679426,1
2605.1998107657287,1742.701511896998,4347.901322662727,862.4982988687307,0.9967478514214623,0.007140065699637886,10,1,0,1,0,0.002047450559127832,1
350.3136941285812,3019.4523088683504,3369.7660029969315,-2669.1386147397693,0.7524240112397002,0.002501284912519364,6,1,0,1,0,0.00036935868753287934,1
1572.4084705041564,123.35274342920727,1695.7612139333637,1449.0557270749491,0.38232723523414625,0.004818375861977172,20,1,0,0,0,0.002286133561486421,0
2603.2217791368194,999.7083352968697,3602.930114433689,1603.5134438399496,0.9270289105544207,-0.000622028046457662,9,1,0,0,0,-0.003574870493615502,0
2207.260120482662,1954.5835955016985,4161.843715984361,252.67652498096345,1.0482970864988004,0.003843677164346877,10,1,0,1,0,0.003907414172698159,1
2585.7317064435456,228.28350961257243,2814.015216056118,2357.4481968309733,0.7238930734348963,0.001712303273484448,14,0,1,0,0,-0.0002967493109541949,1
2991.701771374687,2601.5525893788013,5593.254360753488,390.14918199588556,1.4537788864372323,-0.0038564729937427982,18,0,0,1,0,0.0030219889709415275,0
2332.5252591627573,983.5938479165959,3316.119107079353,1348.9314112461614,0.8637114979069808,0.001893217718863296,15,1,0,0,1,0.0030203247648946338,0
2285.1002282560003,1439.6150715144713,3724.7152997704716,845.485156741529,1.0420033901926393,-0.004050007115872868,21,1,0,0,1,-0.00028864820267518205,1
1949.4253828336198,3113.726983980903,5063.152366814523,-1164.301601147283,1.319618097919604,-0.0024261669601152503,20,1,0,1,1,0.002058387202049063,1
624.3440057313221,3913.7369740667373,4538.080979798059,-3289.3929683354154,1.1506768638169902,0.0013155587564411132,19,0,0,0,0,-0.0012650061021754339,0
3429.5023644650714,2657.2057018922915,6086.708066357363,772.29666257278,1.5406428241571513,0.0018029896488867565,11,1,0,0,1,-0.002215963203232773,1
1616.1209438493302,587.1183448746456,2203.2392887239757,1029.0025989746846,0.5801230838404318,-0.004968308236676557,17,1,0,1,0,0.0034301082343833325,0
2710.3752051173105,2565.3846337375526,5275.759838854863,144.99057137975797,1.3238275538734579,0.005236105909713946,22,0,0,0,0,-0.0001537670864691428,1
3195.1428393730694,2686.9480927973486,5882.0909321704185,508.1947465757207,1.4364722700259942,0.0030398984581030486,12,0,1,1,1,-0.0014548895521882483,1
1085.280654474075,2329.45813368538,3414.738788159455,-1244.177479211305,0.8332636455417856,-0.0027430631338330007,4,1,0,1,1,-0.0005949568301373111,0
1166.310179724414,4341.1171795217215,5507.427359246136,-3174.8069997973075,1.2601969108111544,-0.006563721681345377,3,1,0,1,1,0.00021726686156727686,0
1298.5418009338396,1777.2455780402406,3075.78737897408,-478.70377710640105,0.709910991050528,-0.00020506727798167852,13,0,1,0,0,-0.0003538927101974051,0
3870.2923935452645,4231.192799235343,8101.485192780608,-360.9004056900785,1.755832935426187,-0.0015823328183119626,7,0,0,0,0,0.0026715165819954888,1
757.9672674911533,4214.1837541390705,4972.151021630224,-3456.216486647917,1.0427745724088917,0.000973946495477108,8,0,0,1,0,-0.0033643124039723846,0
4319.537643791675,2739.7643301719613,7059.301973963637,1579.7733136197135,1.4486826431974318,-0.001203760332835635,18,0,0,1,0,0.0007537965591458194,0
1933.5135712986662,2079.6114396569296,4013.125010955596,-146.09786835826344,0.8152288639011653,-0.008803451228799504,2,0,0,1,0,0.0005101857850789665,0
2035.745400711905,2338.999903430838,4374.745304142743,-303.25450271893305,0.8803848886263794,-0.0013325758161619843,4,1,0,1,0,0.004524532222584324,1
3099.188933721302,4965.5245284703715,8064.713462191674,-1866.3355947490695,1.5558356399666498,-0.0009511586172299833,20,1,0,0,1,0.00039504276576459883,1
1775.16770798925,3468.0550856672385,5243.222793656489,-1692.8873776779885,1.0017826469717364,0.0033823107737594835,17,1,0,0,1,0.0023257834854560054,1
3455.313557559907,657.4725703848851,4112.7861279447925,2797.840987175022,0.8075531803696036,-0.0027654358544589334,0,0,0,0,0,0.00228358401152575,0
1084.0748350404715,2234.9779410679707,3319.0527761084422,-1150.9031060274992,0.6416605423740851,0.00815562917542192,7,0,0,0,0,-0.0009011082855148014,0
4228.52246719613,794.3986277861246,5022.9210949822545,3434.123839410005,0.9744655848613878,-0.0083763659165817,18,0,0,0,0,0.0021980786563375095,0
1155.1462229180195,958.6086494091277,2113.754872327147,196.5375735088918,0.4326701648556843,0.006482428355965795,16,1,0,1,0,0.00019409952755236793,0
4335.161925686192,1232.6423516242937,5567.804277310486,3102.5195740618983,1.1049066146398843,-0.0005714058131425532,16,1,0,0,0,0.0038634578795923107,1
1180.931807987318,430.9621840754582,1611.8939920627763,749.9696239118598,0.3385684377591383,0.004391161239190686,10,1,0,0,0,0.003462775784868177,1
1328.7099283025136,747.9727428387368,2076.6826711412505,580.7371854637768,0.44283237122931735,0.0008221140626128006,1,0,0,0,0,0.0014525626593338478,0
677.3794471462334,4498.068771668213,5175.448218814447,-3820.68932452198,1.1550939418461452,0.0056357316321116535,5,1,0,1,0,0.0016189046370686663,1
858.9633374148492,953.4876884126184,1812.4510258274677,-94.52435099776915,0.4259729278325574,-0.0013082217979868266,21,1,0,1,0,-0.0015508687229256984,0
1622.2884862933195,3031.159826278092,4653.448312571411,-1408.8713399847727,1.139712034204173,-0.004567004623213133,13,0,1,1,0,-0.0015336966876204475,1
1987.6906991151332,1898.4987925843275,3886.1894916994606,89.19190653080568,0.9539150276591921,0.006905722695728206,2,0,0,1,0,-0.00045009408749073867,1
3287.745442784054,2487.798131635824,5775.5435744198785,799.9473111482298,1.3836972184492593,-6.122922707298031e-05,11,1,0,0,1,0.0024125600557730795,1
1405.390882694801,2562.6901182495994,3968.0810009444003,-1157.2992355547985,1.0223384195585572,0.0014583917581423962,3,1,0,1,0,-0.0002742279685776696,1
2210.705612644474,717.6737019243618,2928.379314568836,1493.0319107201121,0.788039484023215,0.0060171892261469875,11,1,0,0,1,0.002994101313451662,1
1890.9232956285548,3018.9598975295157,4909.883193158071,-1128.036601900961,1.3013322324481236,-0.004219069080747963,12,0,1,0,0,-0.0024260217242153635,0
2386.6807098369836,528.1419382518554,2914.822648088839,1858.5387715851282,0.7785123249988724,0.003138685303745011,1,0,0,1,0,0.0017938436574339994,0
971.4774527851089,919.2637063496412,1890.74115913475,52.21374643546767,0.5370865311377662,-0.002215747852432166,1,0,0,1,1,0.001936909226380012,0
1070.8432224190494,2536.6344443193484,3607.4776667383976,-1465.791221900299,0.9946009141594802,-0.00014552013937489577,14,0,1,0,0,-0.004863501161031371,0
971.7953546392959,674.2576665130384,1646.0530211523342,297.5376881262574,0.49180902240090385,0.0007787080684404612,22,0,0,0,0,0.004883840481124439,0
3721.1592116285688,200.01193419255372,3921.1711458211225,3521.147277436015,1.1165435470679883,-0.006369373034697808,16,1,0,1,1,0.002310813416026245,1
4255.372276481495,2160.041000172418,6415.413276653913,2095.3312763090767,1.6786396160174837,-0.003097479945490641,6,1,0,0,1,-0.0013237745731803242,1
1033.0862926194511,352.79401293664677,1385.880305556098,680.2922796828043,0.3902668284660116,0.00657758026553838,13,0,1,0,0,0.0006563339369949742,1
1050.568674221667,2706.16778336335,3756.736457585017,-1655.599109141683,1.0180892942578743,0.004450419388518185,11,1,0,0,0,0.0002571766756333348,1
2624.5865150561726,1306.3475488291112,3930.9340638852836,1318.2389662270614,1.0804080686569404,0.00016856926264914254,16,1,0,0,1,0.0015757387926254851,0
4569.0630867467835,2137.7251419893323,6706.788228736115,2431.337944757451,1.7466274933740957,0.0015457710797323458,13,0,1,1,0,0.003198051198232058,1
5226.35962601463,2109.0470492766517,7335.406675291281,3117.312576737978,1.8564684840885664,-0.0008758288357005316,5,1,0,0,0,0.0049100147153116665,0
994.1283399067821,2847.021065787213,3841.149405693995,-1852.892725880431,0.974366305950654,0.006524802184365109,18,0,0,0,0,0.0006436723250581287,1
1214.5783938440259,2588.9910098750365,3803.5694037190624,-1374.4126160310107,0.9497725217869605,-0.00044973408483111807,23,0,0,1,0,0.0011628774816647505,0
2063.627160974422,668.5338778082154,2732.1610387826377,1395.0932831662067,0.7098062334811046,0.0014849552162473198,5,1,0,1,1,0.001198635976188035,0
2136.808967321293,1371.0013879981818,3507.810355319475,765.8075793231112,0.9013983123661788,0.005544924042356026,17,1,0,0,0,0.004835283800507831,1
1448.5066083877698,2135.899780238809,3584.4063886265785,-687.3931718510391,0.8933106780732143,-0.003023465769864189,23,0,0,0,0,-0.0024087779445678384,0
833.9004635412467,4281.622859251399,5115.523322792646,-3447.7223957101523,1.2415672296744653,0.007349632915787099,4,1,0,0,0,-0.00020299061974881776,1
1624.2646844257338,2605.651976819982,4229.916661245716,-981.3872923942481,0.9826101195116934,-0.006378402294993551,23,0,0,1,1,0.0006219657356921295,1
5222.710113177191,4038.3321147053966,9261.042227882586,1184.377998471794,1.97623895407922,0.007653417323859756,23,0,0,1,0,0.004194988765444303,1
1083.7619710171718,2217.56828134928,3301.3302523664515,-1133.806310332108,0.7395848934048784,-0.0012080077096656193,5,1,0,1,1,-0.0015150260166109744,1
1972.5908827028481,3509.1155625794686,5481.706445282317,-1536.5246798766204,1.1525099987863245,-0.0006325840789533696,1,0,0,1,0,-0.0031030975459450582,1
7520.290827719002,2009.6854913569246,9529.976319075926,5510.605336362078,1.8437879413968736,-0.007998591532727,7,0,0,1,0,0.004912736641774299,0
1070.9664439064518,3412.6870215019367,4483.653465408388,-2341.720577595485,0.8608877505118651,-0.0015879039762287316,14,0,1,1,0,-0.0006083993043605341,0
2711.0729468439886,1252.9118258974372,3963.984772741426,1458.1611209465514,0.790857806521563,-0.004223924177292897,14,0,1,0,0,0.003708279379368574,0
5368.209888806702,4609.4093959855745,9977.619284792276,758.8004928211276,1.9184079811397055,-0.0022868144930673117,10,1,0,0,0,-0.0002429158650999034,1
2551.401527490296,2398.8596958323224,4950.261223322618,152.5418316579735,0.9375119165476861,-0.00016810443197672823,21,1,0,1,0,0.003323170365810113,0
3546.836374670661,434.2510972582855,3981.0874719289463,3112.5852774123755,0.7521574095227097,0.0047432707495667845,21,1,0,0,0,0.00704327877628314,0
2966.1475990802924,2187.780847698539,5153.928446778831,778.3667513817531,0.9429283808752333,0.0013774322109409507,23,0,0,0,0,0.0005765819815211556,0
2411.0751682712844,2611.6353234544904,5022.710491725775,-200.560155183206,0.9010830055291564,0.0018222288036096866,0,0,0,1,0,-0.001781081511048895,0
4163.564640858656,3090.608534225401,7254.173175084057,1072.9561066332553,1.2429599877377924,-0.004469650942827807,17,1,0,0,1,0.0009654893083076779,0
2652.2542027154095,5676.470595300777,8328.724798016186,-3024.2163925853674,1.373080417178462,-0.003517735694608036,11,1,0,1,0,-0.00011101784437145992,1
1460.093736457544,1095.2992169451722,2555.3929534027166,364.79451951237183,0.4297585099322959,0.008482258435301955,11,1,0,1,0,0.0017397315197023111,1
1863.3387890734077,5701.141626130689,7564.480415204096,-3837.802837057281,1.2986386994513468,-0.0028457369767632525,10,1,0,0,1,-0.0018030521787533885,1
2189.366127693832,1671.442312618134,3860.808440311966,517.9238150756978,0.658291321864837,0.007806492636757154,7,0,0,1,0,0.00402765029769737,0
1208.6943791068047,880.1417379207344,2088.8361170275393,328.55264118607033,0.37151075137871414,-0.0006363236504299685,6,1,0,0,0,-0.001693277558044374,0
1925.7476647359229,1115.367650310559,3041.1153150464816,810.3800144253639,0.5894713355273384,0.0004547608565436912,22,0,0,0,0,-0.00248374896160558,1
1727.3376495986834,2504.0707158475357,4231.408365446219,-776.7330662488523,0.8230649919498327,0.005176379792792116,20,1,0,1,0,0.0026481193074000416,0
2646.582018950599,769.3174328460385,3415.8994517966375,1877.2645861045603,0.669536214429206,0.0060311147953363235,1,0,0,1,1,-0.002941073554930913,0
6309.7324033103305,1270.364866157068,7580.097269467398,5039.367537153263,1.5373463109162742,-4.7536447587913605e-05,10,1,0,1,1,0.003648770541747473,1
2009.795313383433,2148.8389781653423,4158.634291548775,-139.04366478190923,0.853211989915961,-0.0012688425495201417,21,1,0,0,0,0.0070190524159411015,0
4645.21418968034,4585.913302557001,9231.127492237341,59.300887123338725,1.7586129785122506,0.00019400002661663319,9,1,0,1,1,0.001764176316154057,1
2581.081746834735,3030.1034520917847,5611.18519892652,-449.0217052570497,1.0623710081499136,0.0019238017592456513,2,0,0,0,0,-0.0014036751458711106,0
1919.372091408843,1723.4774016308397,3642.849493039683,195.89468977800334,0.7028192739467791,0.004335588216710632,19,0,0,1,0,0.0006859716912621934,0
1154.205074035134,2496.049745081224,3650.254819116358,-1341.84467104609,0.7410522597979204,0.00045565435223477883,9,1,0,0,0,-3.1471652964191666e-05,0
1930.0025045010204,1998.0272201353048,3928.029724636325,-68.02471563428435,0.8518016475450416,0.0031328590750266364,17,1,0,1,1,0.0011390891704341325,0
1844.2908706809692,578.5774607295389,2422.8683314105083,1265.7134099514303,0.5264849124153856,0.0075186979879580795,13,0,1,0,0,0.0019573826692949542,0
916.3589571179123,5115.409337754099,6031.768294872012,-4199.050380636187,1.3426331752733476,0.002077420301903742,17,1,0,0,1,-0.002835114351780224,0
1044.2237125417573,4633.887723199491,5678.111435741248,-3589.664010657734,1.2284171704442404,0.0017736176950578397,23,0,0,0,0,0.002808681275588961,0
2202.6145157520095,1573.0119167736243,3775.626432525634,629.6025989783852,0.7960780902845377,-0.006151020211588503,7,0,0,1,0,0.001601107958518966,0
4614.780263259032,1148.932258425004,5763.712521684036,3465.848004834028,1.1673920527994348,-0.011092482966951558,9,1,0,1,0,0.004353904148020057,0
1583.2163222647148,591.6829628155067,2174.8992850802215,991.5333594492081,0.45401566914861524,0.0021360349088730985,21,1,0,1,1,-0.0003065164506380659,0
409.10112505454606,2606.767249421684,3015.86837447623,-2197.666124367138,0.6333478778344901,2.2637022555074203e-05,12,0,1,0,0,0.0014739312118074983,0
665.3443195744752,2618.645846830434,3283.9901664049094,-1953.3015272559587,0.7371597569022706,-0.001817412982839725,20,1,0,0,1,-0.000753595824351838,0
2758.6040758204367,829.0131111009973,3587.617186921434,1929.5909647194394,0.8127563134952526,0.001502950687641707,7,0,0,0,0,0.0023326568228420356,0
499.9862772633808,2015.331300879843,2515.3175781432237,-1515.3450236164622,0.6393083550590042,0.0001732043764968314,3,1,0,1,0,-0.0019845763111234456,1
3065.783667357428,2965.8856499835856,6031.669317341013,99.89801737384232,1.5214313591227266,0.0053419402377244745,3,1,0,0,0,-0.0004224828849946061,1
2654.8792718459467,1084.9073736246544,3739.786645470601,1569.9718982212923,0.94168102166291,0.000809093272464661,4,1,0,1,0,0.003103077583679322,1
1541.8818091061285,1425.6782114566267,2967.560020562755,116.20359764950172,0.7565229771287076,-0.002820348500208131,0,0,0,1,0,-7.258888446131338e-05,0
923.4931956712785,1414.779040416512,2338.2722360877906,-491.2858447452336,0.6138685765671126,0.004730243831871855,16,1,0,1,0,-0.0013394205208142585,1
1374.227780911875,876.6930641263881,2250.920845038263,497.5347167854869,0.5928477171298203,-0.000508491511699264,1,0,0,1,0,-0.00044475160853149707,0
2163.734391911797,1448.7100939267723,3612.4444858385696,715.0242979850248,0.9968153871590371,0.002712554262275612,7,0,0,1,1,0.002752233679586392,1
516.8131746100904,360.26732040380585,877.0804950138963,156.54585420628456,0.26731663337988276,-0.0016366520334339734,6,1,0,1,0,-0.0009124861619241969,0
4311.715310485566,1357.3337179680711,5669.049028453637,2954.381592517495,1.659412350234244,-0.0023900382574087112,14,0,1,0,1,0.0012418809330544196,0
2149.4316569904586,1373.9310800762048,3523.3627370666636,775.5005769142538,1.0820227476588387,0.0007999190797499995,4,1,0,1,0,0.0014998285366901597,1
2328.607441652156,1588.1942733575002,3916.801715009656,740.4131682946559,1.158578578377894,0.0004898215960975695,1,0,0,0,0,-0.002305912609495376,0
2641.7326785479304,2365.4060810868923,5007.138759634823,276.3265974610381,1.4212997808885477,0.002510875578431955,6,1,0,0,0,-0.0013827897311279695,1
4038.842666424575,545.9331956867131,4584.775862111288,3492.9094707378617,1.26796885544668,-0.0007308351432271431,7,0,0,0,0,0.003686979369310736,0
1933.4656700247176,650.883653997731,2584.349324022449,1282.5820160269866,0.7291810363406711,-0.007581654388767213,6,1,0,0,0,-0.00010358667795122979,1
2759.7735536568794,857.1401661871452,3616.9137198440244,1902.6333874697343,0.9983569982697312,-0.0014551407401807673,6,1,0,0,0,0.0040631235145654355,1
937.0722910833351,490.8939863058274,1427.9662773891625,446.1783047775077,0.4335012754689373,0.003893238204288068,13,0,1,0,0,0.0021567033608898426,0
5240.374844181041,2558.9104649178626,7799.285309098904,2681.4643792631787,2.176143302380779,-0.0008604580506818614,20,1,0,1,0,0.004955212824723243,1
1837.579314273596,1045.641113205413,2883.2204274790092,791.9382010681832,0.8058257473032481,-0.0006385637464008959,17,1,0,0,1,0.004841338422462535,1
932.9806273929629,1626.4074545435676,2559.3880819365304,-693.4268271506047,0.7121747617509757,0.00471671349479267,5,1,0,1,1,0.00019928269268930715,0
1154.4579070655354,793.7727689760894,1948.230676041625,360.685138089446,0.5453954334248527,-0.002664078459486605,3,1,0,0,0,0.002023501854277254,1
223.85705248707393,1244.1635464450017,1468.0205989320757,-1020.3064939579277,0.4293750756105814,-0.006320596290251747,9,1,0,1,0,-0.0012495801245604446,0
1148.2807225678575,2086.3996523895676,3234.680374957425,-938.11892982171,0.9016856860818737,-0.00026568186166050215,17,1,0,1,0,0.005337366046908466,1
87.2992563801309,2160.271165941869,2247.570422322,-2072.9719095617384,0.6723256406690034,-0.0016862654887556461,11,1,0,1,0,0.0036031069907601736,0
2900.877893006185,677.440487246194,3578.318380252379,2223.4374057599907,1.0691427269832918,-0.0038167514456110773,15,1,0,1,0,0.002204622298898871,1
2278.4774945370445,1564.7632561300213,3843.240750667066,713.7142384070232,1.150102740926506,-0.0003322339246154108,6,1,0,0,0,0.002280132319940402,0
704.0474346166972,805.9376582402355,1509.9850928569326,-101.8902236235383,0.4883754088337947,0.0026003084334444977,5,1,0,1,0,0.003156025495751637,0
1605.827246059696,1520.4216042083926,3126.248850268089,85.40564185130347,1.0463826253373667,0.00039861613291205546,4,1,0,0,0,0.0007948064366348046,0
1662.0201334540184,973.4445376508411,2635.4646711048595,688.5755958031773,0.8810362271833829,0.0017852170551878532,2,0,0,0,0,-8.792411651443771e-05,0
573.9028081446755,5328.466176250168,5902.368984394844,-4754.563368105492,1.8710530362415274,0.008323278963038782,11,1,0,1,0,0.001241750854202546,0
1397.368688280975,2954.1618013078414,4351.530489588817,-1556.7931130268664,1.2937904530932935,-0.0010576348054905026,14,0,1,0,0,-0.0006215180643460931,0
1701.617642552844,2228.500880303534,3930.118522856378,-526.8832377506899,1.2731076706497713,0.0016448384689771688,9,1,0,1,1,0.001375654951064947,0
1367.4943413116127,1331.9327974375813,2699.427138749194,35.561543874031486,0.8781767679055503,-0.0017821907988336213,19,0,0,1,0,-0.0007725851462933648,0
932.16309608042,3013.1773565069343,3945.3404525873543,-2081.0142604265143,1.243450877467222,-0.0032611183839101584,18,0,0,0,0,-0.0032324005494728278,0
679.1665891135925,1599.9240919665506,2279.090681080143,-920.757502852958,0.7129892154791032,-0.0021232373393830386,15,1,0,0,1,0.0007248952838108263,0
1329.4696445721875,4976.620843166164,6306.090487738352,-3647.151198593977,1.7803226601213402,-0.0016612034609316357,10,1,0,0,0,0.0017666711438127515,1
1032.6802462662097,3221.4440850601754,4254.124331326385,-2188.763838793966,1.1768230056996736,0.002011169518798386,7,0,0,1,0,-0.00036917241184939304,0
2520.537047801825,1236.8715332074344,3757.4085810092593,1283.6655145943905,1.0093049528117135,0.01060614285049903,2,0,0,1,0,0.004523996749226642,1
4204.571937703785,4608.0751565759665,8812.647094279751,-403.5032188721816,2.1511843101573915,-0.0026750184203050698,22,0,0,0,1,0.0005416000498902117,1
3168.0249489930893,1337.3770818174069,4505.402030810496,1830.6478671756824,1.0872250157762842,-0.0013767610560575922,6,1,0,0,0,-0.00010685996056771473,1
1744.840486500362,5531.539429239287,7276.379915739649,-3786.6989427389244,1.597157348613846,0.00016032407622315197,22,0,0,1,1,-0.00043065273714787877,0
963.2161543913746,4770.340066411562,5733.556220802936,-3807.123912020187,1.2090835508484763,0.002150867786823474,6,1,0,1,0,-0.0008596635558641982,0
3110.060576177477,2078.188716024413,5188.24929220189,1031.8718601530636,1.053577934494705,0.0015746676729414715,13,0,1,0,0,0.002055873392746977,0
2628.502670464911,375.34113990281645,3003.843810367727,2253.1615305620944,0.6367621116761916,0.005959284439802213,1,0,0,0,0,0.00021341722882926915,0
4011.517356340847,1962.4788399237495,5973.996196264597,2049.0385164170975,1.2360173289704108,-0.01011772490275315,9,1,0,1,1,0.004996725060808756,0
1935.0032058382321,613.5082874267555,2548.5114932649876,1321.4949184114766,0.538276573153582,-0.01004601832328565,18,0,0,0,0,0.005132857957375827,0
5062.393555572168,998.6298610454313,6061.0234166176,4063.763694526737,1.2183720103105027,-0.0017420418181318374,8,0,0,0,1,0.0031719658036371873,0
1935.447008082443,1063.0512133312006,2998.4982214136435,872.3957947512424,0.6110581510845053,0.005241045471582888,15,1,0,1,0,0.0035466768888287635,1
959.2077843233478,608.5087967821216,1567.7165811054695,350.6989875412262,0.3228247690053507,-0.006457134744163736,18,0,0,1,0,-0.0016148198784745565,0
1116.7708129511864,1967.9050039044898,3084.675816855676,-851.1341909533035,0.666791824987258,-0.012976241213874192,17,1,0,0,1,0.0023916678118744384,0
2436.863580665577,901.0244351884652,3337.8880158540424,1535.8391454771117,0.7318806722106523,0.0029864078672717834,8,0,0,0,0,0.0035943530620681334,0
1030.316616584649,1386.4230726345977,2416.7396892192464,-356.10645604994875,0.5412706394554334,0.0015267657296620346,15,1,0,0,0,0.002090091971810216,0
5039.627468568608,1070.6343153667844,6110.261783935392,3968.993153201823,1.430334795396782,-0.0044186367194801015,12,0,1,0,0,0.0019533703988603235,0
2295.80062788638,2372.6445182906123,4668.445146176992,-76.8438904042323,1.0898526856513366,-0.00396724681521576,9,1,0,1,1,-0.004857067142034842,0
1716.2119421076736,2251.7869209161695,3967.998863023843,-535.5749788084959,0.9804201711747761,-0.003911722695610652,19,0,0,0,0,-0.0005708216055337307,0
1826.4785626208002,1300.032988672822,3126.5115512936222,526.4455739479781,0.8097619082690678,0.000945999008748209,13,0,1,1,0,-0.000988609248395215,0
1355.9867559056147,2456.8446965593494,3812.831452464964,-1100.8579406537347,1.013301295122555,-0.002370500078900538,11,1,0,1,0,-0.001493637551325267,0
307.31420703545376,3809.991370059111,4117.305577094565,-3502.677163023657,1.0715691036731747,0.0026684969574568614,18,0,0,0,1,-0.0004352834687445214,0
1117.462323726004,163.42720954974476,1280.8895332757486,954.0351141762592,0.3652283119860906,-0.0125286303297457,6,1,0,0,0,4.318978031750973e-06,0
4636.356657698428,1020.1220999641381,5656.478757662566,3616.2345577342894,1.5168521717415546,-0.003454214437763623,22,0,0,1,0,0.0016757454310786554,0
1973.5499916874105,726.4264669357021,2699.9764586231126,1247.1235247517084,0.773850510587142,-0.004704864451445279,14,0,1,1,0,-0.0014940385341197853,0
3416.8726369265955,944.6671289784699,4361.539765905065,2472.2055079481256,1.216141360730776,-0.0007173983228581078,15,1,0,1,1,0.0010212181437343813,1
3483.0957304750877,125.33361986943298,3608.4293503445206,3357.762110605655,0.9668524032861969,-0.002014112224908428,7,0,0,0,0,0.004888731882288881,0
1617.445108801306,154.35643791883345,1771.8015467201396,1463.0886708824726,0.4869775234051905,0.004111249258117844,9,1,0,1,0,-0.00010352825040856137,0
2658.617015348919,1101.1809065694379,3759.7979219183567,1557.436108779481,1.024886839338974,-0.00812147432443746,3,1,0,1,0,0.0007737274808621696,0
347.50650936714493,1075.4148479529895,1422.9213573201343,-727.9083385858446,0.395529120740482,0.000671168960753555,18,0,0,1,0,-0.0008818202785989329,0
4391.94818501262,4178.267975614057,8570.216160626678,213.68020939856342,2.271324186019525,0.0030277865176223102,18,0,0,0,0,0.003056151318337646,0
4158.652107975392,1855.7609053136214,6014.413013289013,2302.891202661771,1.5543668928492416,0.008918652609532311,20,1,0,1,0,0.0036183114712371924,1
2389.271342943941,2412.7179625471313,4801.989305491072,-23.446619603190356,1.2222111761348553,-0.001743172136917237,14,0,1,1,0,-0.006101036388287919,0
2026.3534859406343,13610.232684515386,15636.58617045602,-11583.879198574752,3.24241478284657,0.0019343609072764274,13,0,1,0,1,-0.00374866917163216,1
1633.8936943238596,5031.947059181498,6665.8407535053575,-3398.0533648576384,1.3261926461780764,-0.007825682165981453,0,0,0,0,0,0.0024999020322367654,0
3685.3550108468335,1608.5983608972251,5293.953371744059,2076.7566499496083,1.0359287102638217,-0.010638731264914568,15,1,0,0,0,-2.606603948471318e-05,0
2874.6159607901614,1176.7816102382917,4051.397571028453,1697.8343505518696,0.7632282209725051,0.0043662764368500905,9,1,0,0,1,-0.00033245109322122966,0
1241.179320523606,1033.9437535326663,2275.1230740562723,207.2355669909398,0.4490333174606518,0.00043626286040528964,18,0,0,0,0,-0.0003478556746004213,0
598.7959174790392,2129.279007957594,2728.074925436633,-1530.4830904785547,0.5382176871502371,0.005871394047591116,21,1,0,1,0,-0.00173903189700225,1
491.7146549287276,1185.033022963977,1676.7476778927046,-693.3183680352493,0.34381075590491866,-0.005882327415756268,2,0,0,0,0,0.0004450053197805068,0
3659.336547082129,592.0364392189047,4251.372986301034,3067.300107863224,0.863595734482477,0.0028553848231388885,4,1,0,0,0,-0.0014958047843036393,1
1606.823343229997,1066.6785450080126,2673.5018882380095,540.1447982219843,0.536063999503494,0.0089872390680299,8,0,0,1,1,-0.0014297188174589935,1
2361.494139580177,2173.579291764266,4535.073431344443,187.9148478159109,0.8993418634527842,0.0023667320115874878,17,1,0,0,0,0.004071693687710555,0
1767.8235092404393,2717.535276528746,4485.3587857691855,-949.7117672883069,0.8525023352097154,0.0017120108582657529,10,1,0,0,1,-0.0014787934831304737,0
498.43288420223035,5373.565642915617,5871.9985271178475,-4875.1327587133865,1.1584881745049986,0.0004932730682320515,15,1,0,1,0,0.0012077783513541555,0
356.57701413069714,1796.504120751665,2153.081134882362,-1439.9271066209678,0.44922639465046865,-0.006728578430521997,1,0,0,1,0,0.0004399392325202585,0
1172.8154731747643,3961.8218332107,5134.637306385464,-2789.0063600359354,1.0660239230074142,0.00661450625868454,11,1,0,1,1,-0.003947014686187069,0
1255.862258781274,1427.7374827374322,2683.599741518706,-171.87522395615815,0.6896211634239573,-0.002326873248835315,21,1,0,1,0,0.0018743419418782907,0
1255.21500259383,1585.1658732513558,2840.380875845186,-329.9508706575259,0.7850336720337525,0.0027457626950861238,5,1,0,0,0,0.00038472363231928277,1
1284.966079178995,1521.0736347425475,2806.0397139215424,-236.10755556355252,0.8156010405959367,-0.006690044524744336,10,1,0,1,0,-0.00021338684968532056,0
6042.3228373968805,1959.5114247080203,8001.8342621049005,4082.8114126888604,2.149510850036606,-0.004960551141232782,7,0,0,0,1,0.004680830742725044,0
3381.9597623538066,3059.3869413532375,6441.346703707044,322.5728210005691,1.6022382741412589,0.007004928587214368,11,1,0,1,1,0.0027127916557751278,1
1994.339520626813,1145.0277516533629,3139.3672722801757,849.3117689734502,0.7752297930473395,-0.0011297676017005336,1,0,0,0,0,0.0026150693214833038,0
1575.928220587887,762.0717979876595,2338.000018575546,813.8564226002275,0.5706854147780817,0.007045934860455384,8,0,0,1,1,0.0033341193211742,0
1619.0733180785987,3229.1651548789832,4848.238472957582,-1610.0918368003845,1.1712244940453034,9.873986639498481e-05,14,0,1,1,0,1.122590715652049e-05,1
2802.7033758895677,3072.7458322488555,5875.449208138423,-270.0424563592878,1.3450590863280443,-0.007963698496910025,1,0,0,1,0,-0.0015412303194243234,0
1564.6186450232672,4382.42409412868,5947.042739151947,-2817.8054491054127,1.3307243463931644,0.004515107399444482,0,0,0,0,1,-0.0010254692934619238,1
3151.59922484133,1002.2076349782569,4153.806859819587,2149.391589863073,0.9344173126276999,-0.002234584764365551,9,1,0,0,0,0.00789520977809648,1
2155.1928321769606,1387.5378166310834,3542.730648808044,767.6550155458772,0.8279403972151591,0.0036298985966327062,1,0,0,1,0,0.002660750025751553,0
6077.8150838747,3312.6792042940306,9390.494288168731,2765.135879580669,1.9580147178204999,0.0005687374756366367,11,1,0,1,1,0.008079157259233829,1
1492.8742879696485,1134.0506153723454,2626.9249033419937,358.82367259730313,0.5689920796953537,-0.006598236821266799,22,0,0,0,0,0.003539272080392376,0
3545.7241784813305,2637.7981640216726,6183.5223425030035,907.9260144596578,1.2705523749296253,0.001206952167691604,7,0,0,1,0,0.0022081195252709514,1
652.359796803995,1432.6270152890295,2084.9868120930246,-780.2672184850345,0.4332132498713211,0.010377320422467886,4,1,0,1,1,0.0006458937801910386,0
984.1175190526835,2121.003094408577,3105.1206134612603,-1136.8855753558935,0.6423229527463875,0.0026727209085722252,21,1,0,0,1,7.200853147491142e-07,1
5560.010576146702,580.6988477332483,6140.70942387995,4979.311728413454,1.3061817581491642,0.00019144021153117335,0,0,0,1,0,0.0003202283906628919,1
3061.154613067805,1779.1095589440151,4840.26417201182,1282.0450541237897,1.0552355200057104,0.005268612781987551,14,0,1,1,0,0.0006771170319983434,1
2391.983395202989,3758.727321538659,6150.710716741648,-1366.74392633567,1.2808643465944634,0.0013906706802261748,5,1,0,0,0,0.003018841488511023,0
7093.22082450325,2885.228311242309,9978.449135745559,4207.9925132609405,1.8659166446043247,0.001383676198896286,11,1,0,0,1,0.002770632911592388,0
1593.3822735996746,717.2552599051062,2310.6375335047805,876.1270136945684,0.447235525034914,-0.004452487705112264,7,0,0,1,0,0.0017092050300058174,0
3540.0534864150877,5093.322133217807,8633.375619632894,-1553.2686468027196,1.6096581299603498,0.0014967645033102438,12,0,1,1,1,0.000926547768385035,1
3716.7806091308803,3604.639332725947,7321.419941856828,112.14127640493325,1.3405133709672576,0.0050648308038106875,18,0,0,0,0,-0.0004227768694552265,0
4789.8140227713475,607.565750343552,5397.3797731149,4182.248272427795,0.9724166832164997,-0.003294141183447012,0,0,0,1,0,0.002160935090743068,1
581.559678315259,1072.7854238940279,1654.3451022092868,-491.22574557876885,0.30547795259842514,0.006776430317518567,10,1,0,1,0,-0.0019759579011452777,0
1585.2280903010094,640.9243306235351,2226.1524209245445,944.3037596774743,0.453959485322417,3.686561594599664e-05,19,0,0,1,0,-0.0007182198482176595,1
2128.1447862869127,2164.4251720166135,4292.569958303526,-36.28038572970081,0.8546115459219286,-0.003513834157629847,0,0,0,0,0,-0.0017387392142490443,0
4738.536456383721,1033.456989337683,5771.993445721404,3705.079467046038,1.1559159971720991,0.004872117759565131,7,0,0,1,0,0.0012075588079390647,0
2323.417732568858,216.25400523754473,2539.6717378064027,2107.163727331313,0.5053153720892469,-0.0008298215215852221,4,1,0,0,0,0.004397808597350582,0
3722.1604369442493,1579.6214295790362,5301.781866523285,2142.5390073652134,1.0229533836204372,0.003803816002102346,16,1,0,0,0,0.00026326882912245915,1
531.0970112563101,3141.8078427309715,3672.9048539872815,-2610.7108314746615,0.7336203848444798,-0.0008493559531646921,7,0,0,0,0,-0.000318816592771471,0
1311.272638680523,1806.9561101577933,3118.2287488383163,-495.68347147727036,0.6385175440271356,0.00017791028813068263,9,1,0,0,1,-0.0006150616990534114,0
4148.2475927782325,2471.357472565194,6619.605065343427,1676.8901202130387,1.3462590012633373,0.002621695400238079,1,0,0,1,0,0.004542435935443735,0
1453.0677936741865,1938.1577553365175,3391.225549010704,-485.089961662331,0.7626694377949322,0.0017235769283492585,8,0,0,0,0,0.0031424490501709996,0
1686.8601413283411,2802.433239739994,4489.293381068335,-1115.5730984116528,0.9754797213388081,-0.008428385722798358,23,0,0,1,0,0.002145833136410876,0
4688.948622894229,2067.88492296724,6756.833545861469,2621.0636999269886,1.5122385238615328,-0.004561622295319201,22,0,0,0,0,0.003435039480030538,0
794.9285655736633,1513.216267502533,2308.144833076196,-718.2877019288696,0.5615911438885128,0.004577052981963596,2,0,0,0,0,-0.0002596717807577192,0
970.3772566074672,1790.1393712605777,2760.516627868045,-819.7621146531105,0.7039149891661349,-0.00014290894088450865,17,1,0,1,0,-0.00208971547654292,0
475.6396092250043,4490.840720327109,4966.480329552113,-4015.2011111021047,1.1943699025200316,-0.0018878578277128862,6,1,0,1,1,0.003073827109213374,0
4812.248640591098,2571.10953879857,7383.358179389668,2241.1391017925275,1.631099261111933,-0.005638967494869627,14,0,1,0,0,-0.00039877648460884285,1
3339.787115743169,715.0484564369035,4054.8355721800726,2624.7386593062656,0.8991496224703279,-0.004409005461751003,20,1,0,1,0,0.0035388116461891436,0
3282.55611555946,1768.70800698029,5051.26412253975,1513.84810857917,1.1330396053967278,-0.008723919085317113,21,1,0,0,0,0.0040090948049331075,0
1281.4996635457837,2136.381821801628,3417.881485347412,-854.8821582558444,0.7560208705085361,-5.813799139873887e-06,19,0,0,0,0,-0.0007819812024300449,0
439.39751771196217,1474.1558506797903,1913.5533683917524,-1034.7583329678282,0.44721038490452086,-0.002267779475238587,17,1,0,1,0,0.0020058562730525314,0
317.11331748392945,217.72889853289288,534.8422160168224,99.38441895103657,0.1319061179659237,-0.003958388077982102,2,0,0,1,1,0.0017100247341191527,0
4168.590916477112,784.396336093237,4952.987252570349,3384.194580383875,1.1832909430618865,0.00014558417594390775,22,0,0,0,0,0.006331315904017355,1
2505.812495287139,1187.6975157266559,3693.5100110137946,1318.114979560483,0.9287722329164656,0.0021145293262736535,13,0,1,1,0,-0.0002796354430731809,1
2850.9706239571824,5484.424725900063,8335.395349857245,-2633.4541019428807,1.9250686139122675,0.009896500371218645,23,0,0,1,0,-0.001963386471618603,1
2056.6772889678737,2376.1745335923174,4432.851822560191,-319.49724462444374,1.0247260561543086,-0.0064117763551869425,1,0,0,0,1,-0.00014600207704693557,0
870.4940774832725,360.8788044403948,1231.3728819236671,509.6152730428777,0.31322968486798747,0.005686694924249295,13,0,1,1,0,0.0006725147215901023,1
1329.941858205381,1548.681892590269,2878.6237507956503,-218.74003438488785,0.724735907913194,0.004822189675215917,21,1,0,1,0,0.000731791344890863,0
688.4538232426672,4031.031370974935,4719.485194217602,-3342.5775477322677,1.147765795400623,-0.003060975713464417,10,1,0,1,1,-0.001310398771014612,1
609.3490179337309,1021.0701866230925,1630.4192045568234,-411.72116868936155,0.4209055631128659,0.001364954873543382,15,1,0,0,0,-0.003603349939186301,0
3155.5272957991424,3398.7384947958485,6554.265790594991,-243.21119899670612,1.7183053859860389,-0.001612408891046838,7,0,0,1,0,0.002537665778745899,0
350.1878004241496,374.050688953947,724.2384893780966,-23.862888529797374,0.20250047747775388,0.0012863855321105734,6,1,0,0,0,0.004135257991377255,0
692.8336264252288,32.348075387319774,725.1817018125486,660.485551037909,0.2219396803905114,0.0071934019103837565,10,1,0,1,0,0.001480684932155473,1
1393.1613472075821,3746.013979222219,5139.175326429801,-2352.8526320146366,1.5157924063455095,0.003144398515160799,2,0,0,1,0,0.0015576371284452184,1
1806.4407609842515,1137.383648640146,2943.8244096243975,669.0571123441055,0.8498307954049071,0.0027048103625034793,16,1,0,0,1,0.0023292499638871635,0
469.5462051355528,1213.7221354322355,1683.2683405677883,-744.1759302966827,0.4746892295746427,-0.0014701367354492656,13,0,1,1,0,0.00042200537461645844,0
2302.4415157399785,1924.7880336243677,4227.229549364346,377.6534821156108,1.2097836194942937,-0.006198325271181911,5,1,0,1,0,0.0032619422942882885,1
1972.7731584153744,2316.4720328928584,4289.245191308233,-343.69887447748397,1.2127627083414376,-0.0004859974406874134,7,0,0,1,0,0.0018316606334740273,1
4120.883870333258,76.16185794687742,4197.045728280135,4044.7220123863804,1.2949212264988776,0.005820251927159204,21,1,0,0,0,0.0026919278933855155,1
1829.5901003970946,953.1195329708994,2782.709633367994,876.4705674261952,0.8909540968773512,-0.006397955579905318,4,1,0,0,0,-0.0002627884394270593,1
2471.053047011987,1743.9805694447616,4215.033616456749,727.0724775672254,1.2633438543223885,-0.004300051533683681,7,0,0,1,1,0.0011289327825446506,0
914.7389243520023,2312.70172947545,3227.4406538274525,-1397.9628051234477,0.9601689108652545,0.0010176772942137003,1,0,0,0,0,0.0008894465012048626,1
948.9873300321951,707.1362553104611,1656.1235853426563,241.851074721734,0.5270058887694234,-0.003994778816264478,14,0,1,1,0,-0.0005112403848850797,0
521.3665242527456,1413.9090273752167,1935.2755516279624,-892.5425031224711,0.6115987004213086,-0.0031369936247150456,11,1,0,0,0,0.0007940048151229341,0
922.6250437245764,1018.3422726646361,1940.9673163892126,-95.71722894005973,0.6847004631792054,-0.0014679891157648236,16,1,0,0,0,0.0015151421161100106,0
1314.1505750044464,1973.2098458760292,3287.3604208804754,-659.0592708715828,1.0893059251997999,-0.005774565518739762,0,0,0,0,0,0.0024261351523043716,0
3852.177833026465,3655.5154445263124,7507.6932775527775,196.6623885001527,2.1436381137036964,-0.004004279772024884,14,0,1,0,0,0.002663921131928037,1
804.1168821276495,1269.1620191583536,2073.278901286003,-465.04513703070404,0.6314578430894874,0.0036669407934397553,13,0,1,1,0,-7.6507731557637e-05,0
6253.124725445366,448.96680946204583,6702.091534907411,5804.15791598332,1.886972908372601,-0.005541114375506737,19,0,0,0,0,0.00217349873606894,0
2626.0634785546386,908.3073249672035,3534.370803521842,1717.7561535874352,0.9593865344170516,-0.006921932413893182,21,1,0,0,1,0.001128056417572389,0
2259.988302376975,5059.612671805782,7319.6009741827565,-2799.6243694288073,1.8744780999976896,-0.0024553532937297406,15,1,0,0,1,0.0005627910500964847,1
1723.8692613531489,787.2218294479028,2511.091090801052,936.6474319052461,0.6646855728962322,0.0038392569034880982,8,0,0,1,0,-0.002538528223505325,0
1483.999960525931,546.5783961331213,2030.5783566590524,937.4215643928098,0.5604509164622924,-0.00044746891626527954,0,0,0,0,0,0.0038064907388636613,0
1045.5760858160188,1206.2555644739562,2251.831650289975,-160.67947865793735,0.6280917208256639,-0.0016860370352398504,16,1,0,1,0,0.0008325078065176278,1
449.97490349248346,1548.9884201985324,1998.9633236910158,-1099.013516706049,0.5833145139655497,0.0006671544739759704,12,0,1,1,0,0.00021319891080754543,1
829.5328813709407,1072.4443722279218,1901.9772535988625,-242.91149085698112,0.570782298506722,-0.0076639293103489756,20,1,0,1,0,0.003180379478130763,1
4804.665533542293,376.3801445187985,5181.045678061091,4428.285389023495,1.4456006248381257,0.002761848247000136,20,1,0,1,0,0.00239945765906518,1
2514.419151279887,2117.269966548828,4631.689117828715,397.149184731059,1.2264144647913127,0.002240071705440133,4,1,0,1,1,0.0025730729189249023,0
4776.687023859302,1974.7239674805317,6751.410991339833,2801.9630563787705,1.6386072307586619,-0.0014352862066100026,9,1,0,1,0,0.002819860512744176,1
1022.8577337741572,2730.45936308448,3753.3170968586373,-1707.601629310323,0.9036525718921739,0.005105627791311701,5,1,0,0,0,-0.0003183219767948265,1
669.8874445846824,1941.7552880296423,2611.642732614325,-1271.8678434449598,0.6865918168929579,-0.0047661625463670055,23,0,0,0,0,-0.0014937268804382808,0
1711.0565984939717,4785.70606297277,6496.762661466742,-3074.6494644787986,1.5769832929778882,0.005663543113924619,18,0,0,0,1,0.0033708649881115434,0
857.1590896215185,2881.0389980956575,3738.198087717176,-2023.879908474139,0.9565417847557186,0.001172437028892717,12,0,1,1,0,-0.0017629400343882112,1
1987.0681768978354,2487.4421400785327,4474.510316976368,-500.3739631806973,1.1256099898242862,-0.0010909724947611192,0,0,0,1,0,0.002274351502025342,1
356.8940244063253,3746.6119016574967,4103.505926063822,-3389.7178772511716,1.0955928829378285,0.00036940355760894657,19,0,0,1,0,-0.00434928083063163,1
190.39868549978473,1854.5167744190005,2044.9154599187852,-1664.1180889192158,0.5508682759249169,-3.349359767567023e-05,14,0,1,0,0,0.001527918014919965,1
2197.712555419885,1438.0695642921341,3635.7821197120193,759.642991127751,0.9500779226240064,0.006050226269178932,13,0,1,1,0,0.0024842438074779926,0
4892.683062563244,2099.7614148386833,6992.444477401927,2792.9216477245604,1.6786807232655603,-0.004495775755173141,7,0,0,0,0,0.0032700097677224463,0
2268.254159603581,203.65340129477343,2471.9075608983544,2064.600758308807,0.5886584450078995,-0.0030589875005654693,9,1,0,0,0,0.0011670738918864547,0
2496.3664421364183,1858.9953250030871,4355.361767139506,637.3711171333312,0.995633270691767,0.005219161446848609,8,0,0,0,0,0.0021143188404855653,1
1766.7274079218992,1547.6709612866152,3314.3983692085144,219.05644663528392,0.781489101209229,-0.0022812374754897498,16,1,0,0,1,0.00546859864628745,0
1895.0109439457985,2269.1912313739176,4164.202175319716,-374.1802874281191,0.9896529214295887,0.0045849213047264225,8,0,0,1,0,-0.002723910620091441,0
426.7071178461096,3405.68929069643,3832.3964085425396,-2978.9821728503202,0.9582814271584345,0.008178438291420686,2,0,0,0,0,0.0010328451158815293,1
886.0203864059121,2539.2278748985077,3425.24826130442,-1653.2074884925955,0.8615231037511663,-0.0013735427225389158,10,1,0,0,0,-0.0017883152448029366,0
3825.9481775971235,910.504191586185,4736.452369183308,2915.4439860109387,1.1475138332233799,0.0035435688510005803,11,1,0,1,1,0.002565399033629387,0
1290.6477758675462,3033.142319638251,4323.790095505798,-1742.494543770705,1.0884674043488338,-0.0048015616308371666,9,1,0,1,1,-0.0002785401056938447,1
3774.5196447840353,4831.818342720789,8606.337987504823,-1057.2986979367533,1.9921665802643467,0.003879815489171093,16,1,0,1,0,0.0006068807157004585,1
1856.398630568825,3466.0931153955885,5322.491745964413,-1609.6944848267635,1.214997783832538,0.0013573041178609137,16,1,0,0,0,0.00038922028331369766,1
1927.0985093981542,492.59623454458233,2419.6947439427367,1434.5022748535719,0.5679518112917489,0.0025908814986647486,10,1,0,1,1,-0.0009831393418370461,0
1298.6026433926365,2520.2096830500727,3818.8123264427095,-1221.6070396574362,0.8704650603933984,-0.00247279800118104,21,1,0,1,1,0.0023180224128206144,0
2758.1565228669097,571.736987920212,3329.8935107871216,2186.4195349466977,0.762819361829334,-0.00712601008424149,3,1,0,0,0,-0.001732257893094518,0
3231.978467590632,1327.2072735833854,4559.1857411740175,1904.7711940072468,1.0877370820927,0.002746153819880436,6,1,0,1,0,0.003119651704753008,1
843.9547637154101,2220.959318962499,3064.914082677909,-1377.0045552470888,0.7239158985022663,-0.009018507247911482,20,1,0,0,0,-0.0006176580841904202,0
471.09723905507394,2012.853594007868,2483.950833062942,-1541.756354952794,0.6058229980634886,-0.0009993545640229178,13,0,1,0,0,-0.003112727965091304,0
242.40575702029892,3420.225595764783,3662.631352785082,-3177.819838744484,0.8879106036997807,0.004764435531748268,6,1,0,1,0,-0.0002962325744750709,0
2412.259850252424,4847.3902777392295,7259.650127991654,-2435.1304274868057,1.670381306212959,0.001333938712707401,23,0,0,1,0,-0.0026610860809433996,1
2220.333848223432,2384.641581366051,4604.975429589484,-164.30773314261887,1.0462791057143772,0.00927387784248103,7,0,0,0,1,0.001043552882582337,1
7401.304238390857,1245.8644280471308,8647.168666437989,6155.439810343726,1.8111976873729818,0.005068118600529116,0,0,0,1,1,0.0020431637769217355,1
1774.555648456041,217.21460249037094,1991.7702509464118,1557.34104596567,0.4350521466445293,-0.0025013079368342455,23,0,0,1,1,0.0021362668382630266,0
1542.2326508261806,4013.6236397218063,5555.856290547987,-2471.390988895626,1.1906499809810795,0.0005745945368032759,21,1,0,1,1,-0.0018937601807274846,1
2036.250020228679,1554.0997289480988,3590.3497491767776,482.1502912805802,0.8334235705659738,0.00023747170614991453,3,1,0,0,0,0.00017251068214764508,0
2117.4283575578397,1618.63216890034,3736.06052645818,498.79618865749967,0.8906755925341985,-0.006732843775774341,11,1,0,1,0,0.0017279724627492729,0
1450.8445830370704,1720.5891225579378,3171.433705595008,-269.7445395208674,0.7465126202906269,-0.003832173221805136,23,0,0,0,0,-0.0009334438731542784,0
869.0040978161373,2306.491109068545,3175.4952068846824,-1437.4870112524077,0.7556418896248929,-0.0021054682876143686,2,0,0,1,0,-7.902961533791604e-05,0
1703.3137523448572,2355.686523418248,4059.000275763105,-652.3727710733906,0.9540576509440059,-0.008926628873277546,12,0,1,0,0,-0.0033538473880264028,0
1654.921789566196,1344.47074568578,2999.392535251976,310.4510438804159,0.7239582345309851,0.0006795325039999195,19,0,0,0,1,0.002140934963663504,0
1634.5653350322812,1541.9817856320087,3176.5471206642897,92.58354940027243,0.7652449277049371,-0.0006872764306267078,5,1,0,1,0,0.004341364313506616,0
2961.0014786272977,1003.274881140946,3964.2763597682438,1957.7265974863517,0.9312901140466097,-0.007304593760899406,10,1,0,0,1,0.007494571148609708,1
1680.067598825457,909.8716678550755,2589.9392666805325,770.1959309703815,0.6195824133525144,0.0023361181956474495,22,0,0,0,0,0.0011870166721705835,0
481.96492877794924,905.9554032780802,1387.9203320560296,-423.990474500131,0.36905633537542865,0.003765864875811999,3,1,0,0,0,0.0017334693797197366,1
997.1286434491946,1527.8416829282073,2524.9703263774018,-530.7130394790128,0.6990203325990713,0.0015072343133248779,19,0,0,1,0,-0.0031275875329554136,0
1436.7529931794272,756.4147237475231,2193.1677169269506,680.3382694319041,0.6959883692110039,-0.0010337514419307648,15,1,0,0,0,0.004041626156538133,0
1740.8763588943314,25.86048512545218,1766.7368440197836,1715.0158737688791,0.5635377028665349,0.003179864429127235,6,1,0,1,1,0.002973502649199187,0
2448.2855504224726,1228.0932655345355,3676.378815957008,1220.1922848879371,1.2251192286474502,0.0035753166368303595,21,1,0,0,0,0.0008673484811889526,1
1751.296117401899,525.2051264144759,2276.501243816375,1226.090990987423,0.7831136185545572,0.00186342548189057,10,1,0,0,0,0.003870520714626287,1
196.00571583978345,1811.9400397188838,2007.9457555586673,-1615.9343238791002,0.7213613783402357,-0.0033253292184255183,23,0,0,0,0,-0.0005955579368899974,0
541.959150115557,999.8891472316964,1541.8482973472533,-457.92999711613936,0.5780880196906942,0.001725282618281525,0,0,0,0,0,-0.0005669273448964886,0
2567.3373858164273,2327.2378507686503,4894.575236585078,240.09953504777695,1.7543639614783377,0.005899838500502448,6,1,0,0,0,0.002825083579857209,1
1406.0200886606665,576.4447770524826,1982.464865713149,829.5753116081839,0.7504734509400516,-0.0022668599558650273,11,1,0,0,0,-0.0009614478929164938,0
1866.05713321412,273.7970681182684,2139.8542013323886,1592.2600650958516,0.8293290670657236,0.009932828252657656,6,1,0,1,0,0.0036687086284135457,1
1268.26736127526,1545.012209705356,2813.279570980616,-276.744848430096,1.1014001487907106,-0.0019271990572648013,22,0,0,1,0,-0.0011489518992780243,0
993.5667908520703,1185.26698467885,2178.8337755309203,-191.70019382677958,0.8978424385066099,0.0005991617620242523,6,1,0,0,0,-0.0012981172380531522,0
1305.8820662191292,478.98142753666184,1784.863493755791,826.9006386824674,0.7533489797671641,-0.002597312466692194,9,1,0,0,0,-0.0006525802777082709,0
1882.6802309868308,2882.661548992331,4765.341779979162,-999.9813180055003,1.8254636293933961,0.0014645009957694492,15,1,0,1,0,0.0028444730454228904,1
1670.6021553325138,678.7430436665497,2349.3451989990635,991.8591116659641,0.9043113731475776,-0.007495455419431808,7,0,0,0,0,0.00016669020594114428,0
3217.64921714745,871.7751960837952,4089.424413231245,2345.874021063655,1.4961024608729963,-0.0020399844219994244,8,0,0,0,0,-2.6952097329514032e-05,0
390.71619180181574,3269.483790722944,3660.1999825247594,-2878.7675989211284,1.2759389085531518,-0.004558176264057273,8,0,0,1,0,-0.0013748048907790084,0
451.55376408697475,2424.8967534028397,2876.4505174898145,-1973.342989315865,1.0231035904714623,0.0010800646844917135,1,0,0,1,0,-2.76526455474438e-05,0
1393.0098473183107,609.2958748305088,2002.3057221488193,783.7139724878019,0.7171814575830273,0.004997767000701105,12,0,1,1,0,-0.00197008798108487,0
2467.9735956150002,1275.0550483640802,3743.0286439790807,1192.91854725092,1.2836861844072314,0.0033950532381984734,12,0,1,0,1,-0.001706902944443227,1
2851.389011109828,549.8762721817827,3401.265283291611,2301.512738928045,1.1156592913030134,-0.010446254120593662,22,0,0,0,1,0.006489008328966204,0
1027.6859246612146,3107.1350979809567,4134.821022642172,-2079.449173319742,1.3808552616503946,0.009754251581872268,22,0,0,1,0,-0.0013800001326372503,1
60.438827294245804,3105.6807612947946,3166.11958858904,-3045.241934000549,1.0283154420681473,0.0017967354049464254,3,1,0,0,0,-0.001140390262478141,1
1056.2531319109237,5320.242165571744,6376.495297482668,-4263.9890336608205,1.8856693742135946,-0.0030844953283464672,23,0,0,1,1,-0.0009807991442153875,0
2225.379102803105,6688.347148972093,8913.726251775199,-4462.968046168988,2.335085723040572,0.0011710009445640899,11,1,0,1,1,-0.0007391119155848059,1
1646.979763917663,989.6954941081309,2636.675258025794,657.284269809532,0.684849921056102,0.0012562317451038395,16,1,0,0,0,0.0022561855358990725,0
2531.9653584875973,2766.4795570867423,5298.44491557434,-234.51419859914495,1.2919965295655866,-0.0025849398247317088,1,0,0,1,0,0.0030710253312101134,0
3737.8454395055073,226.02778998038588,3963.8732294858933,3511.8176495251214,0.9802524767287307,0.0013567144699924638,12,0,1,1,0,0.0011439999616993765,0
1470.2687773574653,1917.3394139629327,3387.608191320398,-447.07063660546737,0.8226566171460853,-0.0023163853893782005,17,1,0,1,1,-0.0018738352743413462,0
1157.3925361436736,2278.4573027190363,3435.84983886271,-1121.0647665753627,0.8439393760796481,-0.0013912099646942568,14,0,1,0,0,0.0019883480724101252,0
765.4774486548787,714.7562748045005,1480.2337234593792,50.721173850378136,0.3780453295720669,-0.0026870274061116715,7,0,0,0,0,0.0002127237341038907,0
448.84434607306514,936.5422313245114,1385.3865773975765,-487.6978852514462,0.3637151216141774,-0.006145418345796357,14,0,1,0,0,0.003216794687088614,0
330.9054276804043,3120.2573613783106,3451.162789058715,-2789.351933697906,0.8820913159786083,0.0011323551725309336,0,0,0,0,0,-0.00500375644600067,0
943.5241746088308,2319.699822647243,3263.2239972560737,-1376.175648038412,0.8414261312546135,0.00314664685675734,19,0,0,1,0,0.0005441447498020482,1
3401.907186040669,4878.540825739533,8280.448011780201,-1476.633639698864,1.9590721823212074,0.0028153741059882757,9,1,0,0,0,0.005057968030224191,1
2703.9980721253874,4507.972705751979,7211.970777877366,-1803.974633626592,1.621937580991146,0.00419440447350386,11,1,0,0,1,1.3421993301533479e-05,1
1112.7960328058577,312.34377378893186,1425.1398065947897,800.4522590169258,0.3297286159506085,0.001931045473702398,4,1,0,0,0,0.0002789678987897993,0
6291.102951167047,1077.1507068552128,7368.2536580222595,5213.952244311834,1.67727156783318,-0.0019730898314140643,8,0,0,1,1,0.0048752710731697745,1
1000.6133838412776,645.3151372768999,1645.9285211181775,355.2982465643777,0.4248794955094237,0.004266287405698647,22,0,0,0,0,-0.0005150630189783021,0
3975.3337378408223,2848.3245684492267,6823.658306290049,1127.0091693915956,1.6352153829488818,-0.005742199902084544,7,0,0,0,0,0.001574576103539214,0
4604.5726758754645,2060.481304277601,6665.053980153065,2544.0913715978636,1.560699154545177,-0.0036695203289528427,15,1,0,0,1,0.0021571146519613026,0
2333.8048829238433,688.967905782199,3022.7727887060423,1644.8369771416442,0.7191367644493731,-0.003976425082822529,13,0,1,1,0,-0.00043242298028192444,0
935.909211129412,795.0155601419622,1730.924771271374,140.89365098744986,0.4237269372311776,0.005400443256967634,12,0,1,0,0,0.002528159925894844,1
1238.1264414677948,3856.415050981009,5094.541492448803,-2618.288609513214,1.2119822815534367,0.004749581844123422,22,0,0,1,0,0.0008249940413897002,0
1916.6375612215136,1183.2699789997753,3099.907540221289,733.3675822217383,0.717709164252848,0.0026678587107316853,20,1,0,1,0,0.0015856494195703214,0
462.3151963586022,180.81577664545134,643.1309730040535,281.4994197131508,0.15075203262535772,0.005295350628736383,12,0,1,0,0,0.0017578917236368088,0
700.6818994574141,631.2147395716362,1331.8966390290502,69.46715988577796,0.3236863757005398,-0.0035336221505942603,4,1,0,1,0,-0.00017029171076350506,0
647.5326855590259,5552.484584191998,6200.017269751023,-4904.951898632972,1.4336804835692207,0.0020300047608805345,15,1,0,0,0,-0.0025672031024530665,1
2459.9150784510884,3334.9199182515927,5794.834996702681,-875.0048398005042,1.3973551571171996,-0.00011393354428346215,10,1,0,1,0,-0.00024539587201216737,1
3713.859043750958,514.8147538485737,4228.673797599531,3199.044289902384,1.0749290670103124,0.004267079789796423,21,1,0,1,0,0.002678017294170722,1
2777.790746257515,1916.6803124050496,4694.471058662564,861.1104338524653,1.1264657985401922,-6.861199722152364e-05,4,1,0,0,0,-0.0005614024012793792,0
3311.612310985135,3194.409198785697,6506.0215097708315,117.20311219943824,1.5845754239140233,-0.0012858210781142494,12,0,1,0,0,-0.0009419204770736319,0
868.1263156159774,307.3078562790371,1175.4341718950145,560.8184593369404,0.28864570749379254,0.0028837960084635147,10,1,0,0,0,-0.00046317834658060673,0
1283.8323223994828,3441.1606579573804,4724.992980356863,-2157.328335557898,1.2046381422438333,0.004373107939398474,18,0,0,1,0,0.0043750864341229115,0
1363.3622777544558,2303.7747526467742,3667.13703040123,-940.4124748923184,0.9889272575727651,-0.0025526100533835154,2,0,0,0,1,-0.005028908859741227,0
2327.2113633934055,888.0329535304984,3215.244316923904,1439.178409862907,0.8638613407446092,0.00017479036788894042,14,0,1,1,0,0.000360349762120187,1
966.2814764084998,2573.056295834684,3539.3377722431837,-1606.7748194261844,0.9190418078897652,-0.004322497738073313,6,1,0,0,1,0.0035670419838062144,1
3174.3811600981603,2081.980834308571,5256.361994406731,1092.4003257895893,1.3608084577235418,-0.010933326057257449,6,1,0,1,0,0.0021506975488832444,0
4521.092258532748,2187.735263143341,6708.8275216760885,2333.356995389407,1.6281760402781138,0.001367992393322311,5,1,0,0,1,0.004301689484815003,0
2412.0028776816343,1865.2526159811193,4277.255493662754,546.750261700515,0.97653428095425,0.0032172611810214117,2,0,0,1,0,0.0014495620420040434,1
1238.5170401301796,768.3509251083402,2006.86796523852,470.16611502183935,0.45319678807213487,0.001640490556314581,12,0,1,0,0,-0.001099583704922041,0
801.0532711194987,905.9150767090931,1706.968347828592,-104.86180558959438,0.41559212792793,-0.008451010737138883,6,1,0,1,0,-0.004120670643884694,0
648.9784970339978,1377.7789754682951,2026.7574725022928,-728.8004784342974,0.5280533547780033,-0.0011474955489484177,4,1,0,0,0,0.0005745644896334604,0
198.84236107727963,1726.7641685322199,1925.6065296094994,-1527.9218074549403,0.5241652387012008,-0.009785073577001846,22,0,0,0,0,-0.0017910088742310519,0
1397.036458943724,2681.7619311744043,4078.7983901181283,-1284.7254722306802,1.1237329557298368,0.006743066837165401,17,1,0,0,0,-0.0011193005927161107,1
1334.2355838343951,5638.738271541136,6972.973855375531,-4304.502687706741,1.9036028309557333,-0.00454463109190813,21,1,0,1,0,-0.0012466230248558612,1
3042.6158559178543,1983.6734870145372,5026.289342932391,1058.9423689033172,1.2763229975892512,0.006208143560889622,7,0,0,0,1,0.005295516995287897,0
1021.5562672366127,2648.3490012547886,3669.9052684914013,-1626.792734018176,0.9500787540855342,0.004767549374320831,16,1,0,1,0,0.004946357471584392,1
1460.0894417512666,3083.1631895818387,4543.2526313331055,-1623.073747830572,1.1574229250210766,-0.003662822145126895,19,0,0,0,0,0.0007803019261625924,0
2058.7403020219836,2781.7525806891094,4840.4928827110925,-723.0122786671259,1.1977247249138367,-0.004747580628989229,0,0,0,1,0,-9.331586224318165e-05,1
2384.260129672568,741.5453553728885,3125.8054850454564,1642.7147742996794,0.7791395068341399,0.0020660171499614776,13,0,1,1,0,-0.0015330954477525813,0
2806.790563128858,4100.386497340748,6907.177060469607,-1293.59593421189,1.672527370754585,-0.0034261923217072704,16,1,0,1,1,0.001962809726740778,0
1911.4576067035646,3679.8134254446454,5591.27103214821,-1768.3558187410808,1.3805748247597656,0.0009311875997137559,9,1,0,0,1,0.0040622081155195135,1
490.48531439191964,1846.1240361994246,2336.609350591344,-1355.638721807505,0.597393394165741,-0.0017636548473730271,11,1,0,0,0,-0.0005751067407883249,1
2237.7435337825355,783.3672290209635,3021.110762803499,1454.376304761572,0.7583514713273933,-0.007805409449092639,15,1,0,0,1,-0.003272452457798269,0
959.2623709511826,1705.7385465060108,2665.0009174571933,-746.4761755548283,0.6576647551344689,-0.009990317271251475,13,0,1,0,0,0.0009668612558536335,0
3830.87001885938,354.3137345566454,4185.183753416025,3476.5562843027346,0.9949582698340347,0.0015295640461294876,15,1,0,1,0,0.0047040358348855015,1
1694.2792569360197,4458.485387703147,6152.764644639167,-2764.2061307671274,1.3647543839852057,-0.002165733752381073,7,0,0,1,0,-0.003189039962170053,0
1997.1987217638373,980.5192221704506,2977.717943934288,1016.6794995933867,0.6722192709090216,-0.0021305298117629367,22,0,0,1,0,0.0015335273880316205,0
7786.890426519233,1321.7799526050992,9108.670379124333,6465.110473914134,1.9878238091536589,0.0037283772276996106,9,1,0,0,1,0.006122831078382924,1
2840.666620563927,4250.616069565414,7091.282690129341,-1409.9494490014872,1.4992991183406614,0.005930306929276092,16,1,0,1,0,0.0006481097898220408,0
2208.755914010158,3918.5065587829704,6127.262472793129,-1709.7506447728124,1.2491215246869949,-0.0008041715266604015,17,1,0,0,0,-0.0011872956358701186,0
1494.2346337903923,2142.247761331872,3636.4823951222643,-648.0131275414797,0.7512635915905915,-0.0011226065496905357,19,0,0,1,1,0.0024591314749469644,0
533.0928421299707,4902.802551964478,5435.895394094448,-4369.7097098345075,1.1132248113453893,0.00279238077798066,15,1,0,0,1,-0.00187838953550923,0
1411.1203792588371,719.7672773906844,2130.8876566495214,691.3531018681527,0.44283235108147717,-0.005882748027637425,16,1,0,0,1,-0.0021818634233843107,0
792.1269581210111,2143.0558138541037,2935.1827719751145,-1350.9288557330926,0.648195439563051,0.0015101467489290453,15,1,0,0,0,-0.004126217959642857,0
4885.62507300951,725.3737283538735,5610.998801363383,4160.251344655637,1.2387277645812194,0.0030371169222915147,18,0,0,1,0,0.005840552476907657,1
2229.870970733648,3530.027249574712,5759.89822030836,-1300.1562788410642,1.2064718596928121,0.003621902951832687,23,0,0,1,0,0.0017897216732145164,0
3737.978124079204,3446.6949936128785,7184.673117692082,291.2831304663255,1.4166581712303066,-0.008599705377857028,23,0,0,0,1,0.0017382468307218072,1
996.8805311083668,5131.000319546509,6127.880850654876,-4134.119788438142,1.1520927140308408,-0.0031060938408389136,7,0,0,0,0,-0.0017955164538898368,1
844.8500080596726,1666.2617498620955,2511.111757921768,-821.4117418024229,0.4829677438192033,-0.0036685682450172848,5,1,0,0,1,-0.0009857349554882621,0
2651.4985705218714,6070.698483130305,8722.197053652177,-3419.199912608434,1.6203626490736527,0.0009413378427477129,5,1,0,1,1,-0.0022407106041137867,0
763.4124414580979,669.8855022359887,1433.2979436940866,93.52693922210915,0.2718414284178292,0.00272747066683372,20,1,0,0,0,-0.0005443063910908858,0
1163.2986338332748,1598.0398898125782,2761.338523645853,-434.74125597930333,0.5729903952286972,0.007443144882063054,8,0,0,1,0,-0.0038845546630013033,1
5038.06373204488,692.9658113925537,5731.029543437434,4345.097920652327,1.2136843917020979,-0.0018445472974169723,3,1,0,1,0,0.0019141060450912329,0
1202.1438542044455,1932.9102559256628,3135.0541101301083,-730.7664017212173,0.6953990654605018,-0.0018601762884548042,11,1,0,1,0,-0.00029185916810229456,0
424.29058964380005,750.7670046089379,1175.057594252738,-326.47641496513785,0.27122151490541807,0.005813020919789553,11,1,0,0,0,0.001327743401803687,0
270.3343716510053,3536.537877932765,3806.87224958377,-3266.2035062817595,0.9029356676425893,0.001841335291569375,22,0,0,1,0,-0.0008100190122450181,0
371.0501925767333,2358.4449394107546,2729.495131987488,-1987.3947468340214,0.6408975508254917,0.006310035098086519,16,1,0,1,1,0.0012370464051595993,1
3885.7707395898033,616.9221474160943,4502.692887005897,3268.848592173709,1.03016921530641,0.0017902922910339946,14,0,1,0,0,0.004332694506313714,1
1050.9150343082672,2993.2831107620445,4044.1981450703115,-1942.3680764537773,0.9495843445053755,-0.004892384364956839,8,0,0,1,0,0.0020947404939266902,0
7631.051586322978,4676.953883466165,12308.005469789143,2954.097702856813,2.6039672556435605,-0.0057397312820363505,6,1,0,1,1,0.005022035801829081,1
4555.433298523212,2523.069631825883,7078.502930349096,2032.3636666973293,1.4999839484744402,-0.0068021801354310974,9,1,0,0,0,0.002539891140184673,1
5829.605097682989,452.12403148869373,6281.729129171683,5377.481066194296,1.3280494423728115,0.0035584736557173267,15,1,0,0,1,0.0020552139586428415,1
3369.1036921119608,1481.6505574655507,4850.7542495775115,1887.45313464641,0.9905241616943091,0.005981235209458783,11,1,0,0,0,0.003414138831776147,1
2554.613165259107,2754.491944504091,5309.105109763198,-199.8787792449839,1.1409169971768045,0.008967149346484968,6,1,0,1,1,0.004400472371997371,1
817.8121908135604,1372.5878514354115,2190.4000422489717,-554.7756606218511,0.4653054613616449,0.0043195851603085355,17,1,0,0,0,0.0008721297103515557,0
1662.3140554335446,661.7556641840484,2324.069719617593,1000.5583912494961,0.4969983770136915,0.005750756114890055,14,0,1,1,0,0.0043347974924769946,1
2737.039502313162,3812.277099233179,6549.316601546341,-1075.237596920017,1.383270449553101,-0.0021907029532241976,5,1,0,1,0,-0.002205491765029075,0
3229.1744853412724,1325.826045013799,4555.0005303550715,1903.3484403274733,0.9418775439789284,-0.004844637574627857,11,1,0,1,0,-0.0004147750054164178,0
584.5441570210701,4678.862727090271,5263.40688411134,-4094.3185700692006,1.0263832499988594,0.004338086064947643,10,1,0,0,0,0.0006896269804607838,1
1428.9463419619233,1082.0331925556438,2510.979534517567,346.91314940627944,0.4986508094875073,0.002358169194322957,19,0,0,1,0,0.0012006878044971492,0
1562.1888435640626,1264.1592430023295,2826.3480865663923,298.0296005617331,0.5605092168608885,0.0009440704568840235,2,0,0,0,0,0.0033370883702853703,0
1514.380356133643,1011.5897669236253,2525.970123057268,502.79058921001774,0.5153704808289375,0.0022130980540250086,1,0,0,0,0,0.0007358224939804672,0
663.2788548519671,1461.8516647563793,2125.1305196083463,-798.5728099044121,0.446062948272931,0.001917951184725916,5,1,0,1,0,-0.001689174301735939,1
5389.030980042431,2330.891053999918,7719.922034042349,3058.1399260425133,1.7401030817418068,0.00623261279035938,23,0,0,0,0,0.0028419865603529788,0
1391.0420092430136,694.8246301707484,2085.8666394137617,696.2173790722652,0.5112597305120081,0.006243687370975866,21,1,0,1,0,-0.002205999521799328,1
709.539623858247,577.1003844989513,1286.6400083571982,132.4392393592957,0.34558623146731576,0.002875116353210315,4,1,0,0,0,-0.0018453754950471055,0
5475.571604715215,299.5347096332231,5775.106314348438,5176.036895081991,1.5241406420298498,0.004203318383901109,17,1,0,0,0,0.006057047085406866,1
4558.294750375325,257.82929512727475,4816.1240455026,4300.46545524805,1.282973243427251,0.002721577429621009,15,1,0,0,0,0.005178780799990496,0
1855.2465673210424,457.76106248314517,2313.0076298041877,1397.4855048378972,0.6147308155106865,-0.0016033014135687518,7,0,0,1,0,0.0020394821375417887,0
1134.5089703650212,1075.7698121886185,2210.2787825536398,58.739158176402725,0.5887001376907814,0.003788050283639854,19,0,0,1,0,-0.0028240853251419564,1
339.26051237082436,1906.8338842512971,2246.0943966221216,-1567.5733718804727,0.651583144732381,-0.005757704125120309,21,1,0,1,0,-0.0008490106922336325,0
2421.5366647029637,2238.990411740362,4660.527076443326,182.54625296260156,1.349050686691906,0.005106116251264632,10,1,0,0,0,-0.0010096759641468943,1
1069.2061751388871,1841.6617134555966,2910.8678885944837,-772.4555383167094,0.885668649785583,-0.004866975343337424,9,1,0,0,1,0.002852507388202759,0
1631.39683604812,4329.165566260101,5960.56240230822,-2697.7687302119807,1.6870955691346656,0.001712599413502676,23,0,0,1,0,-0.0008292330630965271,1
5161.285989656662,5257.7284710465465,10419.014460703209,-96.44248138988405,2.556584259624999,-0.0033187520745034216,11,1,0,0,1,0.0003368675973669578,1
1003.8351304605875,1330.9025136119753,2334.737644072563,-327.06738315138784,0.5748170372325516,0.002901607203375905,20,1,0,0,0,0.00047087567589970653,0
2348.056707217082,705.8211607668478,3053.8778679839297,1642.2355464502343,0.739787964770837,0.0002933425644534591,5,1,0,1,0,0.0002805968243267307,1
2864.1967506647693,6315.382972673187,9179.579723337956,-3451.186222008418,2.1689309717465544,-0.006680381981402969,19,0,0,0,0,0.003410825681149759,1
3805.406674149642,3724.5389688475757,7529.945642997218,80.8677053020665,1.629446114830483,0.002321714387110202,4,1,0,1,0,0.00020025817241313458,1
1540.683101346767,3540.85241189742,5081.535513244187,-2000.169310550653,1.0386945381811696,-0.0021355212142531396,22,0,0,1,0,-0.00275984663554342,0
1417.3102600314148,1039.4803433383183,2456.790603369733,377.8299166930965,0.5277507264896771,0.0043649784119782885,8,0,0,0,0,-0.0035891613466788063,0
1391.0479681863867,3044.858397183122,4435.906365369508,-1653.8104289967355,0.9584824226020916,0.0004505800712271486,15,1,0,0,1,7.000420327689354e-05,1
2187.3416535044707,1852.7159484319989,4040.05760193647,334.6257050724719,0.8502855802456883,0.002198219662499393,21,1,0,0,0,-0.00010626179493392843,0
4431.841332033803,1572.9804926670352,6004.821824700838,2858.8608393667682,1.1955958126318376,-0.003819631135106903,13,0,1,1,0,-0.0014283787933400695,1
1340.5785117288417,1570.8787912389785,2911.4573029678204,-230.30027951013676,0.5742545057925987,-0.002184257186780243,21,1,0,1,1,0.002837557288549101,1
87.23404079002772,2408.2941047466393,2495.528145536667,-2321.0600639566114,0.5077026072033604,-0.0016034404388205737,7,0,0,0,1,0.0006816628700835384,0
3088.297909820577,4422.987650088282,7511.285559908859,-1334.689740267705,1.4323755834298681,0.004259111396040334,19,0,0,0,0,0.0007085949554215561,0
1754.6558543855092,6655.141891911337,8409.797746296847,-4900.486037525828,1.5519435670948079,0.007850526480625121,18,0,0,1,1,0.001830353036673627,1
2425.412526899029,1197.206959206981,3622.6194861060103,1228.2055676920481,0.734301210488487,-0.003124416435133472,13,0,1,1,0,0.0019391748506432502,0
353.82989988373936,1931.9845034453342,2285.8144033290737,-1578.1546035615947,0.46366063452851203,0.005187233333146665,6,1,0,0,0,-0.00197112847028915,1
1072.7132731632137,1542.2871455456163,2615.00041870883,-469.57387238240267,0.5338280966888549,-0.009206574869973993,4,1,0,0,0,-0.0017793991674838784,0
2916.7184113174058,2295.244029886976,5211.962441204381,621.4743814304297,1.129308539087419,-0.004891104407908622,17,1,0,0,0,0.0030760088187103563,1
515.1884074971631,1395.6352660032774,1910.8236735004405,-880.4468585061143,0.4534665042695414,-0.003853593928268604,1,0,0,1,0,0.0008059769879511863,0
2344.2553554980213,938.3553519978199,3282.6107074958413,1405.9000035002014,0.8035137793223146,-0.00565214559136831,10,1,0,1,0,0.0018459593170137387,0
1621.0758503858,1198.5757875515799,2819.6516379373797,422.5000628342202,0.6858399758673137,-0.0067400538483472616,21,1,0,0,0,-0.0007959055984533908,0
886.8156108780595,1052.5704030129723,1939.3860138910318,-165.7547921349128,0.4931166230865548,0.002325173681252722,7,0,0,1,0,0.0016261343610306062,1
824.2109603142204,1483.9719750917,2308.1829354059205,-659.7610147774795,0.6059479078150424,-0.0005172806398990098,0,0,0,0,0,-0.0012349303658415957,0
669.1388439404759,492.89198219725546,1162.0308261377313,176.24686174322045,0.3355273842797715,0.0021693185073484358,21,1,0,0,1,0.0002196775059640258,1
1747.5698770090053,1069.717393022539,2817.2872700315443,677.8524839864663,0.8150528379887029,0.0035641552408906367,11,1,0,0,0,0.004047867372755896,0
1904.9865273930686,2279.091525538736,4184.078052931804,-374.1049981456672,1.1696579729770837,0.0016458140288449238,1,0,0,1,0,-0.0003390629977160415,0
1236.3204755873223,2266.965029781829,3503.285505369151,-1030.6445541945066,1.0645387986205659,0.0033994527193490355,17,1,0,0,0,-0.002596761992622409,1
630.3456754361089,2014.4575413875234,2644.8032168236323,-1384.1118659514145,0.9186184034165449,0.00013666459496558623,6,1,0,1,0,-0.001878531913299383,1
2296.1780533520773,4169.207591746535,6465.385645098613,-1873.029538394458,2.097677025966719,-0.004899657837979431,16,1,0,0,0,0.0031497599101447363,1
3127.1972176263102,2344.442270983919,5471.63948861023,782.7549466423911,1.6532014260004075,0.0051917894981721,21,1,0,0,0,0.002554041174082022,0
2600.5847741057605,4078.739336482842,6679.324110588603,-1478.1545623770817,1.8553511815674644,-0.0021980633564740964,22,0,0,0,1,0.0008585191430014166,0
5983.856054897125,6658.342935515135,12642.19899041226,-674.4868806180093,3.0604993876280373,-0.0037693129130842848,13,0,1,1,0,-0.0013554310509321435,1
1441.5232254860598,3098.030110145534,4539.553335631594,-1656.506884659474,1.0511802615897599,-0.0003516053400997209,23,0,0,0,0,0.001193646634366403,1
4146.279024126968,495.37040273398844,4641.649426860956,3650.908621392979,1.0511924036055846,-0.0036813213482630664,6,1,0,1,0,0.001178437012321627,1
964.0875972949705,2073.841043724749,3037.928641019719,-1109.7534464297785,0.685577697390083,-0.0014397514288008802,21,1,0,0,0,0.0007420321114603856,1
833.1726571228332,1855.38031444813,2688.5529715709636,-1022.2076573252969,0.5994935370581563,0.00201002248698292,2,0,0,0,0,-0.0013741194292304058,0
1830.1023236287865,4673.841511533065,6503.943835161852,-2843.739187904279,1.3594051224265575,0.0020253211631740013,5,1,0,0,0,-0.00185778324207569,0
4767.008447906544,1526.8143516561474,6293.822799562691,3240.194096250396,1.2218735201720388,-0.0036171222686647675,19,0,0,0,0,0.0015669956986472133,1
1317.6116613346146,828.4858379444986,2146.0974992791134,489.125823390116,0.4205544932527589,-0.0017608349861431033,1,0,0,0,0,-8.569748802010689e-05,0
353.5336708719724,1122.9510160007285,1476.4846868727009,-769.4173451287561,0.3007330293161299,0.005305153736752058,16,1,0,0,1,-0.00018163531511565452,0
3086.4760356522793,514.6892858862257,3601.165321538505,2571.7867497660536,0.7324487385935744,0.0026870508507949916,11,1,0,1,0,0.00248925370369883,1
1568.185291256818,5970.174020759379,7538.359312016197,-4401.988729502562,1.4314743555815268,0.009704545448531941,11,1,0,1,0,-0.008146250592026642,0
2082.8710898354943,1691.080198830813,3773.9512886663074,391.79089100468127,0.7437961866641724,0.00567914496729099,16,1,0,0,0,-0.0006756094833270168,1
872.3151996908135,565.5152272529575,1437.830426943771,306.799972437856,0.30043830989861986,0.005489861594801939,9,1,0,0,0,-0.0003293016585945307,0
1817.216559332757,4954.214238595247,6771.430797928004,-3136.9976792624893,1.4129652020914891,-0.005714589011243115,2,0,0,0,0,0.0028545904396769044,0
414.04839051482435,5511.892346609228,5925.940737124052,-5097.843956094404,1.3740922392608304,0.003818523498849777,19,0,0,0,1,-0.003334834955550636,1
5443.427811656852,1903.3572544752174,7346.78506613207,3540.0705571816347,1.6278659754764018,0.0002072391336201093,17,1,0,0,0,0.0037234944902670443,1
3485.9817395795576,468.0498422263917,3954.0315818059494,3017.931897353166,0.8857551552307781,-0.0019970427995069156,12,0,1,1,0,0.004499026568148258,0
1755.8115074621214,1146.024967588767,2901.836475050888,609.7865398733545,0.6514682312047574,0.0011854217152442261,11,1,0,0,0,-0.0016695755587531115,1
3027.7919209856354,1400.0230155509505,4427.814936536586,1627.768905434685,0.9670810854867683,0.0046016579417200824,16,1,0,0,0,0.0025689159899329158,1
966.2531100381485,1735.0464987341516,2701.2996087723,-768.793388696003,0.6272001621548519,0.0026382479398094224,3,1,0,0,0,-0.0013617402000621905,1
3381.2922043302347,638.1651247041473,4019.457329034382,2743.1270796260874,0.9698378551874368,-0.0034299985021450713,22,0,0,0,0,0.0013321339104220115,0
1270.7553493391927,3274.550339270052,4545.3056886092445,-2003.7949899308594,1.0531694175201043,0.003698193037239901,9,1,0,1,0,-0.0015549497453519546,1
1197.9826531363897,158.36876538058377,1356.3514185169734,1039.613887755806,0.31489931303133595,-0.002365462879596657,10,1,0,0,0,-0.0006290083599225329,0
712.6980241702123,3643.5775886829324,4356.275612853145,-2930.87956451272,0.9988729840724607,0.0013915124866979666,5,1,0,0,1,0.004977257497629087,0
2275.5233691468807,4173.532559069225,6449.055928216105,-1898.009189922344,1.5055985856530636,-0.0008943237029658899,5,1,0,1,0,0.002245505734835223,1
1698.1297857157685,1242.3786697077237,2940.5084554234923,455.75111600804485,0.6961675371761868,-0.0005230414211254694,8,0,0,0,0,0.0031275188187526275,1
4235.426034187414,1585.1708872361487,5820.596921423563,2650.2551469512655,1.2829439948015304,0.003797213297139919,14,0,1,1,0,0.002309114547148625,1
636.9484232293202,4525.42964443337,5162.37806766269,-3888.48122120405,1.1674374167790835,-0.004138435628003137,1,0,0,1,0,-0.003989316770626857,0
2283.0118646839205,2680.8939951942943,4963.905859878215,-397.8821305103738,1.1402739248599543,0.008921983982407927,3,1,0,0,1,0.0017312488002513816,1
3717.564592873115,1279.1326157987949,4996.69720867191,2438.4319770743205,1.1938415532979234,-0.007564884710547864,4,1,0,1,0,0.004558916770849777,0
1930.4215214783787,1406.0040575955193,3336.425579073898,524.4174638828595,0.8056509578839366,-0.0021922506361148554,16,1,0,0,1,-0.0006389392582528566,1
1251.0427036205967,2418.0596456856274,3669.102349306224,-1167.0169420650307,0.8744110950280936,0.0020670250729064627,7,0,0,1,0,0.0022215559583178314,1
1893.7457064522828,5621.115421686867,7514.8611281391495,-3727.3697152345844,1.7015085919526325,0.0029991844949938894,7,0,0,0,0,0.001246496154043498,1
4011.989145921909,1441.2255374870751,5453.214683408984,2570.7636084348337,1.182101516850679,-2.084973258538975e-06,21,1,0,0,1,0.006171563410695436,1
4010.8704979803456,1247.3071355574216,5258.177633537767,2763.563362422924,1.1183727141061577,0.0001867118278000433,11,1,0,1,0,0.0016645883702903822,1
1518.8403607100195,1725.7332840163824,3244.5736447264017,-206.89292330636295,0.7040070562781668,0.0022322112573074254,20,1,0,1,1,-0.0015946613699264682,1
3964.40412264159,1733.6404655686515,5698.044588210241,2230.7636570729387,1.158411293228174,-0.0005733864901796219,7,0,0,1,0,0.0015505369030195519,1
1637.3180981929654,2119.362334010633,3756.6804322035982,-482.0442358176674,0.770440562162533,0.006489791617048175,18,0,0,1,0,0.003400560430580946,0
3004.4914244543716,1589.1448594344736,4593.636283888845,1415.346565019898,0.9684093838902146,0.004066078667461317,2,0,0,0,0,-0.0019807290952837623,1
2476.8244220457764,3791.7414518206383,6268.565873866415,-1314.917029774862,1.258443837854265,0.004193322013099908,17,1,0,0,1,-0.003535766107895231,1
1210.34231195186,771.6643189958139,1982.0066309476738,438.67799295604607,0.4210746775245683,-0.0037475268233985912,20,1,0,0,0,0.000819204231865818,0
736.9381238255636,2293.3184548764,3030.256578701964,-1556.3803310508365,0.6652995832986515,8.91704036801401e-05,18,0,0,0,1,-0.0009980691677750793,0
3783.5678033088857,2358.872816206396,6142.4406195152815,1424.69498710249,1.3241140645452474,-0.0008680144705505208,18,0,0,0,1,0.0020519173444478616,0
4503.156111081247,836.1319806774602,5339.288091758707,3667.0241304037872,1.144940329259968,-0.003936676663451997,14,0,1,1,0,0.003724135607673624,0
2244.1005611149453,2276.7865254569033,4520.887086571849,-32.68596434195797,0.9521703997014981,0.001996354270127476,5,1,0,0,1,-0.00016931127470718582,1
1635.625009218635,2403.6036821028424,4039.2286913214775,-767.9786728842075,0.8460147562637872,-0.001902273180556223,15,1,0,0,1,-0.0032839862420395577,1
560.8895345966585,75.34903286508933,636.2385674617478,485.5405017315691,0.14854667646189054,0.003272696254762986,7,0,0,0,0,0.004480280041727563,0
3718.211123980046,705.000971789145,4423.212095769191,3013.210152190901,1.0507647727613403,-0.004220980064723743,15,1,0,1,0,0.0005629132739792386,1
2059.7926314913384,4778.692337089586,6838.484968580924,-2718.8997055982472,1.582105141548917,0.007851899068790228,17,1,0,1,1,-0.0018954189552744017,1
1354.2678217491834,1022.7634601887057,2377.031281937889,331.5043615604777,0.5579324157514395,-0.003449230711305129,19,0,0,1,0,0.0029311246239768713,0
3063.5359092482367,564.1185995187341,3627.654508766971,2499.4173097295024,0.882095065770412,0.0013811141979766979,15,1,0,0,0,0.0013628254785521274,0
462.9450842217815,244.02429637318178,706.9693805949632,218.9207878485997,0.1815205468074883,0.003842834720668935,10,1,0,1,0,0.00016420123666216658,1
680.0814418417616,644.5136346063485,1324.5950764481101,35.567807235413056,0.36179218192056195,-0.0020320116051539645,6,1,0,0,0,0.0013451563336589045,0
935.8832007483463,1536.6717919541204,2472.5549927024667,-600.7885912057741,0.7293542116905689,0.004095485002318588,16,1,0,1,0,0.0025961261223076734,0
2422.0463530267366,524.2336157167409,2946.2799687434776,1897.8127373099956,0.8517876221515259,-0.004879024455183795,16,1,0,1,0,0.00113377260444298,0
1909.4217717465942,2705.8186202477123,4615.240391994306,-796.396848501118,1.2920061730323247,0.006661779156592271,11,1,0,0,1,0.003933711760610364,1
2627.7150421353826,822.4764911858455,3450.1915333212282,1805.238550949537,1.0208129606373877,0.0004896953445835764,12,0,1,0,0,-0.0033689804219948424,0
3548.9647397232425,2131.3203805932517,5680.285120316494,1417.6443591299908,1.668608985238967,-0.0021341279900957476,9,1,0,1,1,0.0038970056387101167,1
2694.4690461350237,4329.345820503342,7023.814866638366,-1634.8767743683184,1.9603252720818594,-0.0008570385334551702,6,1,0,0,0,-0.0005361682311376143,0
5519.327049000129,4150.120117900873,9669.447166901002,1369.2069310992556,2.4263740355355923,0.0038956586867230636,13,0,1,1,1,0.0034291460987656104,1
3543.3710871827616,2104.4832689932896,5647.854356176051,1438.887818189472,1.3004154421172684,-0.002080712116464315,22,0,0,0,1,0.002303948308873095,0
1516.0357457289042,604.0894952230938,2120.125240951998,911.9462505058104,0.5073758115304318,-0.0027967600136004542,0,0,0,0,0,-0.00038246172723546625,0
1066.6851615503283,1620.842548321892,2687.5277098722204,-554.1573867715638,0.6922849019199916,-0.0005237278644828267,16,1,0,0,0,0.0017408883945774748,0
1552.4995054329625,2155.532261355576,3708.0317667885383,-603.0327559226134,0.9323259920843889,-0.004662504089503534,3,1,0,0,1,0.0024171863085375852,0
2760.5832441636167,7466.218179892326,10226.801424055942,-4705.634935728709,2.298905999002172,0.008246069134743076,20,1,0,0,0,0.0012298767768550941,1
1165.3029214677813,241.02578097892658,1406.328702446708,924.2771404888547,0.3126213072105374,-0.0020065352348266857,4,1,0,0,0,-0.0012846326018111562,0
2813.9832761860966,1625.3389579281595,4439.322234114256,1188.6443182579371,0.9403379136557519,0.003992026407428296,19,0,0,1,0,0.0005666258255405509,0
2594.0136026955392,2637.908867865894,5231.922470561433,-43.89526517035483,1.0638132027561162,0.0013243392122058429,23,0,0,0,0,0.0010337198959280687,1
727.2191185825905,1830.6628442074255,2557.8819627900157,-1103.443725624835,0.5230477633730986,-0.0037996374217389006,22,0,0,1,0,-0.0001111934047394398,0
3498.526048026806,1985.6181804459716,5484.144228472778,1512.9078675808346,1.1073697572493684,0.00040382131735295783,6,1,0,1,0,0.003363314641916481,0
2187.220649856919,868.15231760215,3055.372967459069,1319.0683322547688,0.620480543521859,0.0037814680415879315,9,1,0,1,0,-0.002749787755363973,1
5344.246049671114,3235.3593972040167,8579.60544687513,2108.886652467097,1.6720144512628363,-0.0003776950528624648,16,1,0,0,0,0.0033951118866033915,1
1641.7215601965038,1734.254275325393,3375.975835521897,-92.53271512888932,0.6931137247826973,0.005503141490671111,6,1,0,0,0,6.688465834497285e-05,1
1305.1030878162517,1980.2374153558399,3285.3405031720913,-675.1343275395882,0.7441768140771419,0.004750196317752314,0,0,0,0,0,-0.0012703915824605568,0
642.8892495069757,3473.897164156363,4116.786413663339,-2831.007914649387,0.9561982590042242,0.00429708547214394,6,1,0,1,1,-0.0019442792538596687,1
633.2777942361506,1311.362092916222,1944.6398871523727,-678.0842986800715,0.4529967156769276,-0.001519090237377861,23,0,0,1,0,-0.00031512076269903534,0
3219.1575958527615,3998.9858945392853,7218.143490392047,-779.8282986865238,1.5635702265949964,-0.004155781188320821,10,1,0,0,1,-0.006028514131667301,1
4994.0627064041255,505.9358478213989,5499.9985542255245,4488.1268585827265,1.1592495470600959,-0.002183021425917655,8,0,0,0,1,0.0020007338347683592,0
1535.4271608348604,2065.250855766696,3600.6780166015565,-529.8236949318357,0.8430225013344631,0.0012575985568482767,11,1,0,1,0,-0.0011735189954240415,0
1458.080979851464,820.081771884011,2278.162751735475,637.999207967453,0.5257185290168267,0.0027339909619760144,2,0,0,0,0,0.0019102845516458017,0
1758.7492511481182,634.3403228795364,2393.0895740276546,1124.4089282685818,0.5715158361842715,-0.00884776363592875,3,1,0,1,0,-0.00047733306470247854,0
3661.6302283151826,5578.293389980235,9239.923618295417,-1916.663161665052,2.065455223883234,0.00039229820221006045,3,1,0,1,1,0.0006768960427097285,1
733.2406566570507,533.9405546369035,1267.1812112939542,199.30010202014728,0.2892209626184815,0.0011006640878506865,12,0,1,1,0,0.0031842033063326776,0
1993.7281867886713,1760.3576063893704,3754.085793178042,233.37058039930093,0.8816993244673367,-0.0007577405129974564,22,0,0,0,0,0.002987087654297834,0
3269.2514895089644,492.3865649978731,3761.6380545068373,2776.8649245110914,0.8731279963600687,0.005902763267481688,18,0,0,0,1,0.0040661032585025195,1
2400.8846041055594,3833.7958973530917,6234.680501458652,-1432.9112932475323,1.505693266448164,0.0022088685762123596,9,1,0,1,0,-0.00021050724099730574,1
45.91897610956338,1205.6843551982556,1251.603331307819,-1159.7653790886923,0.3137639535305003,0.005934384163150703,4,1,0,1,0,0.000819945822565459,0
2703.9079645441734,3461.402106225982,6165.310070770156,-757.4941416818087,1.4697826602024002,-0.0004882245071424635,6,1,0,0,0,0.000623239988454308,0
2417.568328925258,2574.5627312915562,4992.131060216814,-156.99440236629835,1.1726233261278507,0.004349058132681586,23,0,0,0,0,0.0007019397035908257,0
4143.393005558764,6760.284196832986,10903.677202391751,-2616.8911912742215,2.2265286664321557,0.007220799682239378,15,1,0,1,0,0.0017374537582881442,1
4734.824603079005,393.39918209572,5128.223785174725,4341.425420983285,1.0801070948241083,0.005840709064070758,0,0,0,1,0,0.0020568326284738864,1
4005.7708057130403,699.4040775655685,4705.174883278609,3306.366728147472,1.0029978940671438,-0.004121783916241292,11,1,0,1,0,0.0056421874670272865,1
1765.9601345861797,3334.28316090167,5100.2432954878495,-1568.32302631549,1.0629441455674937,-0.0006388445415124544,1,0,0,1,0,-4.147764678612563e-05,0
336.02634118321487,2139.3820883229064,2475.408429506121,-1803.3557471396916,0.5143906548627354,-0.0010202103272925177,6,1,0,0,1,0.0008494339138122196,0
1449.7548983788254,1389.9068693188697,2839.661767697695,59.84802905995571,0.5861970550473558,0.002446082381194099,10,1,0,0,0,0.00352732202809193,0
1723.5932855064293,5960.628589544971,7684.2218750514,-4237.035304038542,1.6235110745514463,0.003253648662693833,12,0,1,1,0,-5.521010286892083e-05,1
4952.421349203154,1667.5483375733113,6619.969686776465,3284.873011629843,1.2941177523286618,-0.0030666481577775384,1,0,0,1,0,0.0001187160527625344,1
880.1532484233998,848.9977691355873,1729.151017558987,31.155479287812454,0.3478622402855964,0.0006961002641116246,6,1,0,0,1,0.001253231769949271,0
477.3581239615695,3490.0726239367496,3967.430747898319,-3012.71449997518,0.795795231358344,-0.008026699412914515,14,0,1,0,1,0.00019508153893370403,0
1171.6034731138598,1710.9829506798355,2882.5864237936953,-539.3794775659758,0.6073645153456313,0.006405166413066826,10,1,0,1,0,0.002121400820884141,1
923.0465612998067,1814.6223282853646,2737.668889585171,-891.5757669855578,0.5642113888023753,-0.0017159223810285468,1,0,0,0,0,-0.0021081661629196663,0
